"State","County","Year","Days with AQI","Good Days","Moderate Days","Unhealthy for Sensitive Groups Days","Unhealthy Days","Very Unhealthy Days","Hazardous Days","Max AQI","90th Percentile AQI","Median AQI","Days CO","Days NO2","Days Ozone","Days PM2.5","Days PM10"
"Alabama","Baldwin",2022,281,256,25,0,0,0,0,96,50,37,0,0,224,57,0
"Alabama","Clay",2022,115,104,11,0,0,0,0,64,50,26,0,0,0,115,0
"Alabama","DeKalb",2022,364,341,23,0,0,0,0,97,48,37,0,0,331,33,0
"Alabama","Elmore",2022,240,232,8,0,0,0,0,74,44,33,0,0,240,0,0
"Alabama","Etowah",2022,359,294,65,0,0,0,0,93,55,39,0,0,141,218,0
"Alabama","Jefferson",2022,365,198,165,2,0,0,0,105,71,49,0,0,126,239,0
"Alabama","Lawrence",2022,102,98,4,0,0,0,0,53,36,22,0,0,0,102,0
"Alabama","Madison",2022,365,289,76,0,0,0,0,97,57,40,0,0,140,221,4
"Alabama","Mobile",2022,363,313,50,0,0,0,0,93,54,37,0,0,165,198,0
"Alabama","Montgomery",2022,363,319,44,0,0,0,0,95,53,37,0,0,204,159,0
"Alabama","Morgan",2022,365,289,75,1,0,0,0,111,58,40,0,0,142,223,0
"Alabama","Russell",2022,364,297,67,0,0,0,0,96,57,40,0,0,141,223,0
"Alabama","Shelby",2022,245,225,19,1,0,0,0,105,50,37,0,0,245,0,0
"Alabama","Sumter",2022,355,325,30,0,0,0,0,79,49,33,0,0,131,224,0
"Alabama","Tuscaloosa",2022,280,253,27,0,0,0,0,87,50,34,0,0,206,74,0
"Alaska","Aleutians East ",2022,121,120,1,0,0,0,0,71,20,9,0,0,0,121,0
"Alaska","Anchorage ",2022,365,323,41,1,0,0,0,125,54,19,7,0,0,173,185
"Alaska","Denali ",2022,338,330,8,0,0,0,0,80,44,34,0,0,319,19,0
"Alaska","Fairbanks North Star ",2022,365,239,79,18,28,1,0,280,118,38,0,0,131,230,4
"Alaska","Juneau ",2022,342,308,34,0,0,0,0,95,50,15,0,0,0,341,1
"Alaska","Kenai Peninsula ",2022,120,119,1,0,0,0,0,70,16,7,0,0,0,120,0
"Alaska","Matanuska-Susitna ",2022,341,307,34,0,0,0,0,88,49,10,0,0,0,223,118
"Alaska","North Slope ",2022,100,97,2,0,1,0,0,165,14,5,0,0,0,100,0
"Arizona","Apache",2022,363,361,2,0,0,0,0,57,26,11,0,0,0,36,327
"Arizona","Cochise",2022,365,291,73,1,0,0,0,101,61,44,0,0,332,1,32
"Arizona","Coconino",2022,365,283,81,1,0,0,0,101,64,44,0,0,362,3,0
"Arizona","Gila",2022,365,246,101,16,2,0,0,177,84,45,0,0,340,0,25
"Arizona","La Paz",2022,359,279,79,1,0,0,0,130,64,44,0,0,340,5,14
"Arizona","Maricopa",2022,365,42,227,73,17,6,0,264,136,74,0,1,217,64,83
"Arizona","Mohave",2022,357,340,16,1,0,0,0,115,32,17,0,0,0,0,357
"Arizona","Navajo",2022,364,307,57,0,0,0,0,93,58,43,0,0,360,1,3
"Arizona","Pima",2022,365,189,163,13,0,0,0,142,81,50,0,0,240,46,79
"Arizona","Pinal",2022,365,107,225,30,1,0,2,670,100,61,0,0,152,19,194
"Arizona","Santa Cruz",2022,357,273,83,1,0,0,0,138,66,34,0,0,0,254,103
"Arizona","Yavapai",2022,365,341,24,0,0,0,0,87,48,40,0,0,365,0,0
"Arizona","Yuma",2022,365,251,105,9,0,0,0,142,73,44,0,0,236,40,89
"Arkansas","Arkansas",2022,115,100,15,0,0,0,0,88,54,30,0,0,0,115,0
"Arkansas","Ashley",2022,117,106,11,0,0,0,0,99,50,29,0,0,0,117,0
"Arkansas","Clark",2022,363,350,13,0,0,0,0,90,46,35,0,0,363,0,0
"Arkansas","Crittenden",2022,365,291,70,3,1,0,0,156,63,40,0,9,200,156,0
"Arkansas","Garland",2022,112,99,13,0,0,0,0,89,53,33,0,0,0,112,0
"Arkansas","Jackson",2022,115,97,18,0,0,0,0,79,55,30,0,0,0,115,0
"Arkansas","Newton",2022,365,343,21,1,0,0,0,105,48,37,0,0,353,12,0
"Arkansas","Polk",2022,350,329,19,2,0,0,0,105,48,33,0,0,282,68,0
"Arkansas","Pulaski",2022,365,251,113,1,0,0,0,115,64,43,0,4,136,225,0
"Arkansas","Union",2022,115,92,23,0,0,0,0,100,56,35,0,0,0,115,0
"Arkansas","Washington",2022,365,296,66,3,0,0,0,119,59,43,0,0,258,107,0
"California","Alameda",2022,365,245,115,5,0,0,0,122,67,41,0,5,196,164,0
"California","Amador",2022,364,333,30,1,0,0,0,112,50,36,0,0,364,0,0
"California","Butte",2022,365,225,137,3,0,0,0,119,75,46,0,0,268,97,0
"California","Calaveras",2022,364,315,48,1,0,0,0,115,53,39,0,0,272,90,2
"California","Colusa",2022,363,300,62,1,0,0,0,105,55,41,0,0,227,123,13
"California","Contra Costa",2022,365,256,107,2,0,0,0,129,64,43,0,0,191,174,0
"California","Del Norte",2022,344,322,22,0,0,0,0,70,41,22,0,0,0,344,0
"California","El Dorado",2022,365,260,91,12,2,0,0,177,77,43,0,0,356,5,4
"California","Fresno",2022,365,97,198,67,3,0,0,159,115,71,0,1,215,133,16
"California","Glenn",2022,360,291,68,1,0,0,0,104,60,41,0,0,284,67,9
"California","Humboldt",2022,365,349,16,0,0,0,0,70,33,24,1,0,244,57,63
"California","Imperial",2022,365,114,204,34,5,2,6,762,106,58,0,4,157,72,132
"California","Inyo",2022,365,140,194,18,4,4,5,1445,97,57,0,0,210,105,50
"California","Kern",2022,365,65,178,109,12,1,0,289,136,80,0,0,212,124,29
"California","Kings",2022,365,90,225,48,2,0,0,187,108,67,0,0,180,127,58
"California","Lake",2022,363,362,1,0,0,0,0,73,43,32,0,0,355,8,0
"California","Los Angeles",2022,365,40,231,65,28,1,0,209,140,72,0,37,190,128,10
"California","Madera",2022,365,171,181,13,0,0,0,136,87,51,0,0,231,103,31
"California","Marin",2022,365,326,39,0,0,0,0,90,52,33,0,4,215,146,0
"California","Mariposa",2022,365,227,109,8,21,0,0,185,88,46,0,0,304,60,1
"California","Mendocino",2022,365,216,147,2,0,0,0,103,65,45,0,0,79,286,0
"California","Merced",2022,365,168,184,13,0,0,0,143,86,52,0,0,214,116,35
"California","Mono",2022,365,296,41,5,7,1,15,7577,65,21,0,0,0,204,161
"California","Monterey",2022,365,337,28,0,0,0,0,77,49,37,0,0,261,72,32
"California","Nevada",2022,365,215,132,12,4,2,0,268,87,48,0,0,303,62,0
"California","Orange",2022,365,224,134,5,2,0,0,156,68,47,0,25,217,116,7
"California","Placer",2022,365,184,157,15,4,4,1,346,90,50,0,0,274,90,1
"California","Plumas",2022,345,183,133,25,4,0,0,168,97,48,0,0,0,345,0
"California","Riverside",2022,365,60,179,86,31,2,7,1564,151,77,0,0,216,81,68
"California","Sacramento",2022,365,189,157,17,2,0,0,160,92,50,0,0,245,119,1
"California","San Benito",2022,365,320,45,0,0,0,0,97,54,41,0,0,333,30,2
"California","San Bernardino",2022,365,48,187,67,56,7,0,225,166,77,0,21,213,112,19
"California","San Diego",2022,365,92,247,25,1,0,0,156,97,59,0,2,200,129,34
"California","San Francisco",2022,364,313,51,0,0,0,0,87,54,33,2,27,187,148,0
"California","San Joaquin",2022,365,222,134,8,0,1,0,208,84,46,0,0,200,135,30
"California","San Luis Obispo",2022,365,178,184,3,0,0,0,115,74,51,0,0,217,135,13
"California","San Mateo",2022,365,313,52,0,0,0,0,83,54,33,0,12,233,120,0
"California","Santa Barbara",2022,365,286,79,0,0,0,0,93,56,43,0,0,238,123,4
"California","Santa Clara",2022,365,249,111,5,0,0,0,119,69,44,0,2,217,146,0
"California","Santa Cruz",2022,365,332,33,0,0,0,0,92,50,32,0,0,240,125,0
"California","Shasta",2022,365,268,91,6,0,0,0,119,70,44,0,0,326,39,0
"California","Siskiyou",2022,362,307,48,2,4,0,1,353,57,39,0,0,232,130,0
"California","Solano",2022,365,280,85,0,0,0,0,93,63,40,0,0,253,112,0
"California","Sonoma",2022,365,331,34,0,0,0,0,79,50,32,0,0,243,117,5
"California","Stanislaus",2022,365,163,179,22,1,0,0,166,94,54,0,0,188,149,28
"California","Sutter",2022,364,196,163,5,0,0,0,119,80,48,0,0,228,136,0
"California","Tehama",2022,365,260,102,3,0,0,0,108,74,43,0,0,303,61,1
"California","Trinity",2022,353,258,80,5,7,3,0,296,68,26,0,0,0,353,0
"California","Tulare",2022,365,84,167,106,8,0,0,182,129,76,0,0,224,125,16
"California","Tuolumne",2022,358,344,13,1,0,0,0,108,47,37,0,0,358,0,0
"California","Ventura",2022,365,223,131,11,0,0,0,140,80,47,0,1,306,58,0
"California","Yolo",2022,365,301,62,2,0,0,0,101,62,40,0,0,309,56,0
"Colorado","Adams",2022,365,202,149,14,0,0,0,126,84,49,0,68,199,45,53
"Colorado","Alamosa",2022,116,110,5,1,0,0,0,134,33,8,0,0,0,116,0
"Colorado","Arapahoe",2022,365,242,111,12,0,0,0,129,84,46,0,0,359,6,0
"Colorado","Archuleta",2022,365,313,48,3,0,1,0,227,56,42,0,0,329,0,36
"Colorado","Boulder",2022,365,249,109,7,0,0,0,129,77,45,0,0,295,68,2
"Colorado","Clear Creek",2022,357,255,99,3,0,0,0,108,67,47,0,0,357,0,0
"Colorado","Delta",2022,143,126,17,0,0,0,0,80,54,44,0,0,138,1,4
"Colorado","Denver",2022,365,207,151,7,0,0,0,112,77,49,0,126,181,57,1
"Colorado","Douglas",2022,365,251,96,17,1,0,0,169,87,45,0,0,332,33,0
"Colorado","El Paso",2022,365,259,104,2,0,0,0,115,74,45,0,0,350,15,0
"Colorado","Fremont",2022,118,115,3,0,0,0,0,77,26,12,0,0,0,0,118
"Colorado","Garfield",2022,364,340,24,0,0,0,0,84,49,40,0,0,364,0,0
"Colorado","Gilpin",2022,365,286,75,4,0,0,0,112,64,45,0,0,365,0,0
"Colorado","Gunnison",2022,364,315,48,1,0,0,0,108,54,45,0,0,364,0,0
"Colorado","Jackson",2022,236,217,19,0,0,0,0,71,49,40,0,0,166,69,1
"Colorado","Jefferson",2022,365,234,100,30,1,0,0,166,97,47,0,0,365,0,0
"Colorado","La Plata",2022,365,269,95,1,0,0,0,108,71,46,0,0,356,9,0
"Colorado","Larimer",2022,365,213,144,8,0,0,0,126,84,49,0,0,334,31,0
"Colorado","Mesa",2022,365,305,59,1,0,0,0,108,55,43,0,0,326,37,2
"Colorado","Montezuma",2022,365,304,61,0,0,0,0,87,61,44,0,0,360,5,0
"Colorado","Pitkin",2022,122,119,3,0,0,0,0,68,28,13,0,0,0,24,98
"Colorado","Prowers",2022,354,330,22,0,1,0,1,334,41,18,0,0,0,0,354
"Colorado","Pueblo",2022,349,329,17,3,0,0,0,121,42,20,0,0,0,82,267
"Colorado","Rio Blanco",2022,365,269,94,2,0,0,0,122,64,46,0,0,354,11,0
"Colorado","Routt",2022,356,356,0,0,0,0,0,43,25,13,0,0,0,0,356
"Colorado","San Juan",2022,119,117,2,0,0,0,0,72,19,8,0,0,0,119,0
"Colorado","San Miguel",2022,121,120,1,0,0,0,0,68,33,13,0,0,0,0,121
"Colorado","Weld",2022,365,202,153,10,0,0,0,133,87,49,0,3,294,68,0
"Connecticut","Fairfield",2022,365,255,88,20,2,0,0,156,84,42,0,19,195,151,0
"Connecticut","Hartford",2022,365,295,66,4,0,0,0,136,59,38,0,23,239,103,0
"Connecticut","Litchfield",2022,365,318,44,3,0,0,0,108,54,39,0,0,341,24,0
"Connecticut","Middlesex",2022,212,173,33,6,0,0,0,147,67,40,0,0,212,0,0
"Connecticut","New Haven",2022,365,268,90,7,0,0,0,133,64,41,0,16,224,123,2
"Connecticut","New London",2022,365,322,39,4,0,0,0,108,54,35,0,0,193,172,0
"Connecticut","Tolland",2022,208,187,19,2,0,0,0,122,51,39,0,0,208,0,0
"Connecticut","Windham",2022,355,338,17,0,0,0,0,93,46,35,0,0,355,0,0
"Country Of Mexico","BAJA CALIFORNIA NORTE",2022,273,68,159,29,17,0,0,167,125,61,0,0,0,273,0
"Country Of Mexico","SONORA",2022,365,199,160,6,0,0,0,115,77,48,0,0,202,58,105
"Delaware","Kent",2022,120,102,18,0,0,0,0,71,53,39,0,0,55,65,0
"Delaware","New Castle",2022,121,89,32,0,0,0,0,78,58,43,1,2,69,49,0
"Delaware","Sussex",2022,120,103,17,0,0,0,0,72,53,40,0,0,86,34,0
"District Of Columbia","District of Columbia",2022,365,279,82,4,0,0,0,128,59,42,0,38,197,130,0
"Florida","Alachua",2022,362,338,24,0,0,0,0,84,48,36,0,0,247,115,0
"Florida","Baker",2022,365,329,36,0,0,0,0,87,50,36,0,0,217,148,0
"Florida","Bay",2022,365,302,63,0,0,0,0,99,55,39,0,0,207,158,0
"Florida","Brevard",2022,365,326,39,0,0,0,0,80,51,39,0,0,262,103,0
"Florida","Broward",2022,365,300,65,0,0,0,0,100,56,41,0,7,152,205,1
"Florida","Citrus",2022,342,315,27,0,0,0,0,75,48,34,0,0,0,342,0
"Florida","Collier",2022,347,326,21,0,0,0,0,79,47,36,0,0,226,121,0
"Florida","Columbia",2022,363,303,60,0,0,0,0,90,55,38,0,0,196,167,0
"Florida","Duval",2022,365,252,113,0,0,0,0,93,59,44,0,2,135,226,2
"Florida","Escambia",2022,365,274,90,1,0,0,0,133,61,43,0,0,200,165,0
"Florida","Flagler",2022,361,352,9,0,0,0,0,100,44,34,0,0,361,0,0
"Florida","Hamilton",2022,294,257,37,0,0,0,0,70,52,35,0,0,0,294,0
"Florida","Highlands",2022,349,337,11,1,0,0,0,112,46,33,0,0,349,0,0
"Florida","Hillsborough",2022,365,271,93,1,0,0,0,126,62,43,0,1,211,151,2
"Florida","Holmes",2022,365,287,78,0,0,0,0,90,55,39,0,0,151,214,0
"Florida","Indian River",2022,357,349,8,0,0,0,0,67,44,33,0,0,357,0,0
"Florida","Lake",2022,364,349,15,0,0,0,0,87,47,35,0,0,364,0,0
"Florida","Lee",2022,302,269,33,0,0,0,0,80,52,37,0,0,222,80,0
"Florida","Leon",2022,364,295,69,0,0,0,0,92,55,39,0,0,146,218,0
"Florida","Liberty",2022,355,346,9,0,0,0,0,74,45,32,0,0,355,0,0
"Florida","Manatee",2022,349,336,13,0,0,0,0,80,46,33,0,0,349,0,0
"Florida","Marion",2022,363,326,37,0,0,0,0,93,51,38,0,0,237,126,0
"Florida","Martin",2022,356,331,24,1,0,0,0,108,48,36,0,0,202,154,0
"Florida","Miami-Dade",2022,365,317,46,2,0,0,0,136,55,38,0,40,169,155,1
"Florida","Okaloosa",2022,170,155,15,0,0,0,0,84,49,39,0,0,166,0,4
"Florida","Orange",2022,365,329,36,0,0,0,0,97,50,38,0,0,332,33,0
"Florida","Osceola",2022,364,348,16,0,0,0,0,80,46,34,0,0,364,0,0
"Florida","Palm Beach",2022,365,323,42,0,0,0,0,89,52,37,0,0,220,145,0
"Florida","Pasco",2022,361,332,29,0,0,0,0,87,50,37,0,0,361,0,0
"Florida","Pinellas",2022,365,310,55,0,0,0,0,87,55,41,0,1,236,124,4
"Florida","Polk",2022,363,321,42,0,0,0,0,87,51,38,0,0,244,119,0
"Florida","Putnam",2022,323,321,2,0,0,0,0,58,27,16,0,0,0,0,323
"Florida","Santa Rosa",2022,365,302,62,1,0,0,0,109,55,39,0,0,243,122,0
"Florida","Sarasota",2022,358,302,56,0,0,0,0,100,57,40,0,0,235,123,0
"Florida","Seminole",2022,363,330,33,0,0,0,0,87,50,37,0,0,266,97,0
"Florida","St. Lucie",2022,358,352,6,0,0,0,0,77,44,33,0,0,358,0,0
"Florida","Volusia",2022,365,322,43,0,0,0,0,93,52,39,0,0,232,133,0
"Florida","Wakulla",2022,365,331,34,0,0,0,0,96,50,36,0,0,223,142,0
"Georgia","Bibb",2022,365,295,70,0,0,0,0,90,55,38,0,0,121,244,0
"Georgia","Charlton",2022,122,120,2,0,0,0,0,73,33,19,0,0,0,122,0
"Georgia","Chatham",2022,335,273,62,0,0,0,0,97,57,39,0,0,138,197,0
"Georgia","Chattooga",2022,245,236,9,0,0,0,0,77,47,35,0,0,245,0,0
"Georgia","Clarke",2022,362,271,91,0,0,0,0,87,59,43,0,0,166,196,0
"Georgia","Clayton",2022,121,105,16,0,0,0,0,69,52,31,0,0,0,121,0
"Georgia","Cobb",2022,285,251,33,1,0,0,0,105,51,38,0,0,214,71,0
"Georgia","Coffee",2022,119,111,8,0,0,0,0,71,45,27,0,0,0,119,0
"Georgia","Columbia",2022,245,238,7,0,0,0,0,71,45,34,0,0,245,0,0
"Georgia","Dawson",2022,245,238,6,1,0,0,0,136,47,35,0,0,245,0,0
"Georgia","DeKalb",2022,365,264,99,2,0,0,0,147,61,42,1,34,114,216,0
"Georgia","Dougherty",2022,358,253,100,4,1,0,0,151,60,38,0,0,0,358,0
"Georgia","Douglas",2022,243,215,27,1,0,0,0,133,54,38,0,0,243,0,0
"Georgia","Floyd",2022,356,320,36,0,0,0,0,81,51,28,0,0,0,356,0
"Georgia","Fulton",2022,365,254,108,2,1,0,0,169,62,44,0,15,129,221,0
"Georgia","Glynn",2022,356,292,63,1,0,0,0,106,57,38,0,0,129,227,0
"Georgia","Gwinnett",2022,365,290,75,0,0,0,0,97,58,40,0,0,181,184,0
"Georgia","Hall",2022,364,295,69,0,0,0,0,76,55,35,0,0,0,364,0
"Georgia","Henry",2022,351,301,47,3,0,0,0,105,54,36,0,0,192,159,0
"Georgia","Houston",2022,362,293,68,1,0,0,0,102,56,34,0,0,0,362,0
"Georgia","Lowndes",2022,354,269,85,0,0,0,0,100,59,36,0,0,0,354,0
"Georgia","Murray",2022,279,251,27,1,0,0,0,105,51,38,0,0,240,39,0
"Georgia","Muscogee",2022,365,290,73,2,0,0,0,149,57,40,0,0,141,224,0
"Georgia","Pike",2022,340,311,29,0,0,0,0,100,48,35,0,0,340,0,0
"Georgia","Richmond",2022,365,277,88,0,0,0,0,99,58,40,0,0,134,231,0
"Georgia","Rockdale",2022,243,214,29,0,0,0,0,90,54,39,0,0,243,0,0
"Georgia","Sumter",2022,238,224,14,0,0,0,0,93,47,35,0,0,238,0,0
"Georgia","Walker",2022,352,226,126,0,0,0,0,87,64,43,0,0,0,352,0
"Georgia","Washington",2022,362,246,113,3,0,0,0,112,64,41,0,0,0,362,0
"Hawaii","Hawaii",2022,365,359,6,0,0,0,0,67,38,25,0,0,0,365,0
"Hawaii","Honolulu",2022,365,363,2,0,0,0,0,80,36,27,0,4,286,64,11
"Hawaii","Kauai",2022,90,90,0,0,0,0,0,34,19,10,0,17,0,73,0
"Hawaii","Maui",2022,361,360,1,0,0,0,0,53,25,15,0,0,0,361,0
"Idaho","Ada",2022,365,225,133,6,1,0,0,162,74,45,0,13,235,113,4
"Idaho","Bannock",2022,365,287,76,2,0,0,0,140,65,39,0,0,118,137,110
"Idaho","Benewah",2022,365,254,100,8,3,0,0,170,65,37,0,0,0,365,0
"Idaho","Blaine",2022,355,338,12,2,3,0,0,174,37,17,0,0,0,355,0
"Idaho","Boise",2022,365,305,56,2,2,0,0,178,54,30,0,0,0,365,0
"Idaho","Bonner",2022,364,294,62,5,3,0,0,195,62,26,0,0,0,316,48
"Idaho","Bonneville",2022,357,338,18,1,0,0,0,109,42,20,0,0,0,357,0
"Idaho","Butte",2022,365,337,28,0,0,0,0,76,50,42,0,0,362,3,0
"Idaho","Canyon",2022,364,245,111,7,1,0,0,154,73,37,0,0,0,310,54
"Idaho","Custer",2022,105,101,4,0,0,0,0,97,31,5,0,0,0,105,0
"Idaho","Franklin",2022,365,331,33,1,0,0,0,103,49,17,0,0,0,365,0
"Idaho","Idaho",2022,365,297,58,4,4,2,0,238,60,38,0,0,207,158,0
"Idaho","Kootenai",2022,359,299,53,4,3,0,0,177,58,22,0,0,0,359,0
"Idaho","Latah",2022,361,336,20,1,4,0,0,181,43,10,0,0,0,361,0
"Idaho","Lemhi",2022,365,237,98,18,12,0,0,193,91,33,0,0,0,365,0
"Idaho","Nez Perce",2022,365,302,57,2,4,0,0,183,58,26,0,0,0,365,0
"Idaho","Shoshone",2022,365,263,95,4,3,0,0,167,68,32,0,0,0,358,7
"Idaho","Twin Falls",2022,353,326,25,1,1,0,0,154,47,23,0,0,0,353,0
"Idaho","Valley",2022,351,271,72,6,2,0,0,164,65,28,0,0,0,351,0
"Illinois","Adams",2022,237,230,7,0,0,0,0,71,47,39,0,0,237,0,0
"Illinois","Champaign",2022,365,295,69,1,0,0,0,126,58,40,0,0,228,137,0
"Illinois","Clark",2022,312,296,15,1,0,0,0,101,45,34,0,0,312,0,0
"Illinois","Cook",2022,365,198,159,7,1,0,0,151,74,48,0,25,132,172,36
"Illinois","DuPage",2022,365,266,98,1,0,0,0,129,63,41,0,0,166,199,0
"Illinois","Effingham",2022,239,215,24,0,0,0,0,100,51,38,0,0,239,0,0
"Illinois","Hamilton",2022,365,296,69,0,0,0,0,87,58,39,0,0,179,186,0
"Illinois","Jersey",2022,365,295,65,5,0,0,0,112,57,40,0,0,200,165,0
"Illinois","Jo Daviess",2022,343,328,15,0,0,0,0,84,46,34,0,0,343,0,0
"Illinois","Kane",2022,285,214,68,3,0,0,0,129,64,40,0,0,200,85,0
"Illinois","Lake",2022,243,199,41,2,1,0,0,159,64,39,0,0,243,0,0
"Illinois","Macon",2022,365,285,78,2,0,0,0,115,58,41,0,0,172,193,0
"Illinois","Macoupin",2022,363,352,9,2,0,0,0,108,45,33,0,122,241,0,0
"Illinois","Madison",2022,363,228,126,9,0,0,0,147,71,46,0,0,171,186,6
"Illinois","McHenry",2022,365,271,91,3,0,0,0,126,63,40,0,0,169,196,0
"Illinois","McLean",2022,365,276,87,2,0,0,0,129,59,42,0,0,179,186,0
"Illinois","Peoria",2022,319,242,77,0,0,0,0,100,62,42,0,0,170,149,0
"Illinois","Randolph",2022,365,298,65,2,0,0,0,108,59,41,0,0,193,172,0
"Illinois","Rock Island",2022,360,283,77,0,0,0,0,89,60,40,0,0,173,187,0
"Illinois","Saint Clair",2022,365,241,123,1,0,0,0,105,67,44,0,8,137,220,0
"Illinois","Sangamon",2022,362,287,71,4,0,0,0,126,57,40,0,0,168,194,0
"Illinois","Will",2022,365,270,93,2,0,0,0,101,61,41,0,0,165,200,0
"Illinois","Winnebago",2022,363,300,63,0,0,0,0,97,58,39,0,0,191,172,0
"Indiana","Allen",2022,351,326,23,2,0,0,0,115,48,35,0,0,351,0,0
"Indiana","Bartholomew",2022,365,317,47,1,0,0,0,105,53,38,0,0,277,88,0
"Indiana","Boone",2022,362,331,30,1,0,0,0,115,50,36,0,0,362,0,0
"Indiana","Brown",2022,358,348,10,0,0,0,0,97,46,35,0,0,358,0,0
"Indiana","Carroll",2022,364,343,21,0,0,0,0,93,47,34,0,0,364,0,0
"Indiana","Clark",2022,363,246,116,1,0,0,0,119,63,43,0,0,163,199,1
"Indiana","Delaware",2022,359,321,37,1,0,0,0,115,51,37,0,0,329,30,0
"Indiana","Dubois",2022,123,108,15,0,0,0,0,86,53,32,0,0,0,111,12
"Indiana","Elkhart",2022,362,303,56,3,0,0,0,127,55,38,0,0,215,147,0
"Indiana","Floyd",2022,354,337,17,0,0,0,0,87,45,33,0,0,354,0,0
"Indiana","Greene",2022,351,311,38,2,0,0,0,101,51,37,0,0,324,27,0
"Indiana","Hamilton",2022,365,294,71,0,0,0,0,100,59,39,0,0,227,138,0
"Indiana","Hendricks",2022,352,338,14,0,0,0,0,87,46,34,0,0,352,0,0
"Indiana","Henry",2022,111,101,10,0,0,0,0,94,48,25,0,0,0,111,0
"Indiana","Howard",2022,364,290,70,4,0,0,0,108,59,40,0,0,269,95,0
"Indiana","Knox",2022,344,321,23,0,0,0,0,87,48,36,0,0,344,0,0
"Indiana","LaPorte",2022,365,324,38,3,0,0,0,133,53,36,0,0,324,41,0
"Indiana","Lake",2022,365,250,110,5,0,0,0,143,67,44,0,7,155,195,8
"Indiana","Madison",2022,365,278,83,4,0,0,0,133,63,42,0,0,223,142,0
"Indiana","Marion",2022,365,185,167,12,1,0,0,153,77,50,0,4,113,244,4
"Indiana","Monroe",2022,347,317,30,0,0,0,0,96,48,28,0,0,0,347,0
"Indiana","Perry",2022,365,344,20,1,0,0,0,119,48,36,0,0,365,0,0
"Indiana","Porter",2022,365,292,67,5,1,0,0,188,59,40,0,0,244,115,6
"Indiana","Posey",2022,364,349,15,0,0,0,0,97,45,33,0,0,364,0,0
"Indiana","Shelby",2022,364,336,26,2,0,0,0,115,49,36,0,0,364,0,0
"Indiana","Spencer",2022,111,98,13,0,0,0,0,77,51,32,0,0,0,111,0
"Indiana","St. Joseph",2022,365,244,115,6,0,0,0,122,70,44,0,1,183,181,0
"Indiana","Tippecanoe",2022,350,316,34,0,0,0,0,95,50,27,0,0,0,350,0
"Indiana","Vanderburgh",2022,365,256,109,0,0,0,0,100,62,44,0,1,181,181,2
"Indiana","Vigo",2022,365,265,98,2,0,0,0,115,59,41,0,0,189,176,0
"Indiana","Wabash",2022,362,334,27,1,0,0,0,112,49,37,0,0,362,0,0
"Indiana","Warrick",2022,365,326,38,1,0,0,0,101,51,37,0,0,365,0,0
"Indiana","Whitley",2022,360,288,71,1,0,0,0,109,58,33,0,0,0,360,0
"Iowa","Black Hawk",2022,364,309,55,0,0,0,0,82,54,33,0,0,0,364,0
"Iowa","Bremer",2022,243,235,8,0,0,0,0,67,47,37,0,0,243,0,0
"Iowa","Cerro Gordo",2022,117,116,1,0,0,0,0,61,31,17,0,0,0,0,117
"Iowa","Clinton",2022,364,240,123,1,0,0,0,107,63,42,0,0,124,240,0
"Iowa","Harrison",2022,237,210,27,0,0,0,0,84,51,40,0,0,237,0,0
"Iowa","Johnson",2022,365,303,61,1,0,0,0,108,57,33,0,0,0,365,0
"Iowa","Lee",2022,106,95,11,0,0,0,0,86,51,30,0,0,0,106,0
"Iowa","Linn",2022,365,277,88,0,0,0,0,81,56,41,0,0,161,203,1
"Iowa","Montgomery",2022,363,335,28,0,0,0,0,76,49,36,0,0,215,148,0
"Iowa","Muscatine",2022,365,316,49,0,0,0,0,87,53,32,0,0,0,360,5
"Iowa","Palo Alto",2022,365,328,37,0,0,0,0,77,51,37,0,0,192,173,0
"Iowa","Polk",2022,365,319,46,0,0,0,0,87,52,38,0,14,197,152,2
"Iowa","Pottawattamie",2022,121,109,12,0,0,0,0,68,50,28,0,0,0,110,11
"Iowa","Scott",2022,365,273,92,0,0,0,0,96,61,41,0,0,171,121,73
"Iowa","Van Buren",2022,365,330,34,1,0,0,0,102,50,38,0,1,187,177,0
"Iowa","Woodbury",2022,113,104,9,0,0,0,0,73,49,27,0,0,0,113,0
"Kansas","Chase",2022,121,116,5,0,0,0,0,62,37,19,0,0,0,121,0
"Kansas","Ford",2022,362,339,21,1,1,0,0,169,40,19,0,0,0,0,362
"Kansas","Johnson",2022,365,284,80,1,0,0,0,115,61,40,0,0,213,151,1
"Kansas","Leavenworth",2022,365,341,24,0,0,0,0,80,49,37,0,0,365,0,0
"Kansas","Neosho",2022,360,261,99,0,0,0,0,94,63,44,0,1,208,138,13
"Kansas","Sedgwick",2022,365,239,122,4,0,0,0,119,71,46,0,0,235,116,14
"Kansas","Shawnee",2022,350,281,69,0,0,0,0,87,58,41,0,0,232,116,2
"Kansas","Sherman",2022,360,338,18,3,0,0,1,495,41,18,0,0,0,0,360
"Kansas","Sumner",2022,365,254,108,3,0,0,0,115,64,44,0,1,216,112,36
"Kansas","Trego",2022,360,293,64,2,1,0,0,154,61,38,0,0,271,63,26
"Kansas","Wyandotte",2022,365,254,109,2,0,0,0,112,64,43,1,9,154,197,4
"Kentucky","Bell",2022,365,266,99,0,0,0,0,90,61,42,0,0,160,205,0
"Kentucky","Boone",2022,199,173,26,0,0,0,0,97,54,41,0,0,199,0,0
"Kentucky","Boyd",2022,365,319,46,0,0,0,0,80,52,38,0,9,191,160,5
"Kentucky","Bullitt",2022,239,212,26,1,0,0,0,101,51,40,0,0,239,0,0
"Kentucky","Campbell",2022,362,310,51,1,0,0,0,105,54,38,0,0,203,159,0
"Kentucky","Carter",2022,361,340,21,0,0,0,0,68,47,34,0,0,201,160,0
"Kentucky","Christian",2022,365,282,83,0,0,0,0,83,60,40,0,0,147,218,0
"Kentucky","Daviess",2022,365,304,61,0,0,0,0,98,56,40,0,3,187,175,0
"Kentucky","Edmonson",2022,365,340,25,0,0,0,0,84,49,37,3,0,349,13,0
"Kentucky","Fayette",2022,365,306,58,1,0,0,0,106,57,40,0,9,210,146,0
"Kentucky","Greenup",2022,243,230,13,0,0,0,0,71,47,36,0,0,243,0,0
"Kentucky","Hancock",2022,243,219,23,1,0,0,0,108,50,40,0,0,243,0,0
"Kentucky","Hardin",2022,362,303,59,0,0,0,0,84,54,39,0,0,194,168,0
"Kentucky","Jefferson",2022,365,233,125,7,0,0,0,136,67,46,0,11,168,185,1
"Kentucky","Jessamine",2022,243,215,28,0,0,0,0,87,51,40,0,0,243,0,0
"Kentucky","Livingston",2022,243,207,34,2,0,0,0,119,54,41,0,0,243,0,0
"Kentucky","McCracken",2022,345,274,68,3,0,0,0,143,61,40,0,15,189,141,0
"Kentucky","Morgan",2022,364,347,17,0,0,0,0,74,46,35,0,0,364,0,0
"Kentucky","Oldham",2022,245,221,22,2,0,0,0,112,50,41,0,0,245,0,0
"Kentucky","Perry",2022,348,288,57,1,2,0,0,166,54,39,0,0,159,189,0
"Kentucky","Pike",2022,365,347,18,0,0,0,0,91,46,33,0,0,181,184,0
"Kentucky","Pulaski",2022,359,319,40,0,0,0,0,79,52,38,0,0,187,172,0
"Kentucky","Simpson",2022,241,217,24,0,0,0,0,93,50,39,0,0,241,0,0
"Kentucky","Trigg",2022,126,116,10,0,0,0,0,80,50,39,0,0,126,0,0
"Kentucky","Warren",2022,363,311,52,0,0,0,0,84,54,39,0,0,194,169,0
"Kentucky","Washington",2022,364,340,24,0,0,0,0,77,49,37,0,0,364,0,0
"Louisiana","Ascension",2022,364,336,28,0,0,0,0,90,49,32,0,7,357,0,0
"Louisiana","Bossier",2022,358,259,99,0,0,0,0,99,60,42,0,0,122,231,5
"Louisiana","Caddo",2022,363,317,45,1,0,0,0,108,54,38,0,0,291,72,0
"Louisiana","Calcasieu",2022,365,247,118,0,0,0,0,100,66,43,0,0,154,207,4
"Louisiana","East Baton Rouge",2022,365,270,92,3,0,0,0,141,62,41,0,1,200,163,1
"Louisiana","Iberville",2022,365,278,80,6,1,0,0,156,71,41,0,0,343,22,0
"Louisiana","Jefferson",2022,362,291,71,0,0,0,0,95,59,40,0,4,193,165,0
"Louisiana","Lafayette",2022,364,273,89,2,0,0,0,103,59,40,0,0,214,147,3
"Louisiana","Lafourche",2022,351,296,54,1,0,0,0,109,54,37,0,0,182,169,0
"Louisiana","Livingston",2022,361,261,97,3,0,0,0,117,62,42,0,1,162,198,0
"Louisiana","Orleans",2022,365,330,33,2,0,0,0,102,50,29,2,112,0,243,8
"Louisiana","Ouachita",2022,359,329,29,1,0,0,0,105,50,36,0,0,321,38,0
"Louisiana","Pointe Coupee",2022,346,323,22,1,0,0,0,112,48,34,0,0,346,0,0
"Louisiana","Rapides",2022,119,106,12,1,0,0,0,105,51,29,0,0,0,119,0
"Louisiana","St. Bernard",2022,365,284,80,1,0,0,0,108,58,41,0,0,215,150,0
"Louisiana","St. James",2022,361,345,16,0,0,0,0,93,46,32,0,0,361,0,0
"Louisiana","St. John the Baptist",2022,351,335,16,0,0,0,0,80,47,33,0,0,351,0,0
"Louisiana","St. Martin",2022,338,296,42,0,0,0,0,97,54,34,0,0,338,0,0
"Louisiana","St. Tammany",2022,365,314,50,1,0,0,0,103,54,36,0,0,243,122,0
"Louisiana","Tangipahoa",2022,124,111,13,0,0,0,0,96,51,29,0,0,0,124,0
"Louisiana","Terrebonne",2022,121,112,9,0,0,0,0,96,47,28,0,0,0,121,0
"Louisiana","West Baton Rouge",2022,364,278,82,4,0,0,0,105,58,40,0,3,177,184,0
"Maine","Androscoggin",2022,358,340,18,0,0,0,0,97,45,30,0,0,210,145,3
"Maine","Aroostook",2022,364,340,24,0,0,0,0,77,47,32,0,0,188,153,23
"Maine","Cumberland",2022,362,338,21,3,0,0,0,109,46,35,0,9,313,37,3
"Maine","Hancock",2022,361,334,26,1,0,0,0,112,47,36,0,0,347,14,0
"Maine","Kennebec",2022,203,198,5,0,0,0,0,84,44,29,0,0,171,30,2
"Maine","Knox",2022,212,206,6,0,0,0,0,80,45,35,0,0,212,0,0
"Maine","Oxford",2022,358,342,16,0,0,0,0,96,45,31,0,0,213,145,0
"Maine","Penobscot",2022,361,345,16,0,0,0,0,87,45,30,0,0,200,158,3
"Maine","Sagadahoc",2022,169,159,10,0,0,0,0,93,47,32,0,0,169,0,0
"Maine","Washington",2022,364,361,3,0,0,0,0,58,44,33,0,0,349,15,0
"Maine","York",2022,246,230,14,2,0,0,0,126,49,38,0,0,246,0,0
"Maryland","Anne Arundel",2022,263,247,16,0,0,0,0,93,48,38,0,0,243,0,20
"Maryland","Baltimore",2022,365,278,86,1,0,0,0,122,64,42,0,9,267,89,0
"Maryland","Baltimore (City)",2022,353,279,72,2,0,0,0,112,61,40,0,39,210,104,0
"Maryland","Calvert",2022,239,225,14,0,0,0,0,74,47,39,0,0,239,0,0
"Maryland","Carroll",2022,243,210,32,1,0,0,0,112,54,42,0,0,243,0,0
"Maryland","Cecil",2022,361,300,60,1,0,0,0,101,55,39,0,0,218,143,0
"Maryland","Charles",2022,245,225,20,0,0,0,0,87,50,41,0,0,245,0,0
"Maryland","Dorchester",2022,365,320,45,0,0,0,0,93,51,40,0,0,295,70,0
"Maryland","Frederick",2022,236,212,23,1,0,0,0,115,51,41,0,0,236,0,0
"Maryland","Garrett",2022,365,347,18,0,0,0,0,97,47,37,1,2,324,38,0
"Maryland","Harford",2022,360,285,75,0,0,0,0,97,61,40,0,0,228,132,0
"Maryland","Howard",2022,365,344,21,0,0,0,0,66,45,30,1,140,0,224,0
"Maryland","Kent",2022,361,322,39,0,0,0,0,93,51,38,0,0,229,132,0
"Maryland","Montgomery",2022,355,293,61,1,0,0,0,119,55,40,0,0,216,139,0
"Maryland","Prince George's",2022,365,320,44,1,0,0,0,101,58,38,0,16,340,9,0
"Maryland","Washington",2022,344,314,30,0,0,0,0,87,50,38,0,0,222,122,0
"Massachusetts","Barnstable",2022,360,342,18,0,0,0,0,93,45,36,0,0,356,4,0
"Massachusetts","Berkshire",2022,365,324,41,0,0,0,0,87,52,38,0,0,253,112,0
"Massachusetts","Bristol",2022,365,333,31,1,0,0,0,115,50,37,0,0,318,47,0
"Massachusetts","Dukes",2022,359,341,17,1,0,0,0,126,46,37,0,0,352,7,0
"Massachusetts","Essex",2022,365,320,40,5,0,0,0,113,52,38,0,3,278,84,0
"Massachusetts","Franklin",2022,365,310,54,1,0,0,0,108,55,35,0,0,232,133,0
"Massachusetts","Hampden",2022,365,307,57,1,0,0,0,115,57,38,0,9,222,134,0
"Massachusetts","Hampshire",2022,365,320,45,0,0,0,0,97,51,38,0,0,262,103,0
"Massachusetts","Middlesex",2022,365,337,28,0,0,0,0,90,48,35,0,28,268,69,0
"Massachusetts","Norfolk",2022,365,325,39,1,0,0,0,105,51,38,0,4,325,36,0
"Massachusetts","Plymouth",2022,360,309,51,0,0,0,0,93,52,38,0,0,201,159,0
"Massachusetts","Suffolk",2022,365,310,53,2,0,0,0,112,55,35,0,43,183,139,0
"Massachusetts","Worcester",2022,365,310,55,0,0,0,0,100,54,38,0,10,213,142,0
"Michigan","Allegan",2022,344,281,55,6,2,0,0,195,64,37,0,0,218,126,0
"Michigan","Bay",2022,354,320,34,0,0,0,0,83,48,24,0,0,0,354,0
"Michigan","Benzie",2022,243,218,22,2,1,0,0,151,51,36,0,0,243,0,0
"Michigan","Berrien",2022,232,197,30,4,1,0,0,156,61,39,0,0,232,0,0
"Michigan","Cass",2022,233,212,19,2,0,0,0,119,50,38,0,0,233,0,0
"Michigan","Clinton",2022,235,213,22,0,0,0,0,90,49,38,0,0,235,0,0
"Michigan","Genesee",2022,364,291,71,2,0,0,0,112,59,39,0,0,198,166,0
"Michigan","Huron",2022,243,227,15,1,0,0,0,122,49,35,0,0,243,0,0
"Michigan","Ingham",2022,360,288,72,0,0,0,0,93,57,37,0,5,207,148,0
"Michigan","Kalamazoo",2022,352,245,104,3,0,0,0,134,67,43,0,0,161,191,0
"Michigan","Kent",2022,365,264,97,4,0,0,0,136,65,40,0,4,190,168,3
"Michigan","Keweenaw",2022,122,121,1,0,0,0,0,52,24,9,0,0,0,122,0
"Michigan","Lenawee",2022,365,289,76,0,0,0,0,97,60,39,0,0,209,156,0
"Michigan","Macomb",2022,365,273,90,2,0,0,0,126,67,40,0,0,198,167,0
"Michigan","Manistee",2022,267,241,23,2,1,0,0,156,50,35,0,0,229,38,0
"Michigan","Mason",2022,236,219,15,1,1,0,0,161,49,36,0,0,236,0,0
"Michigan","Missaukee",2022,363,312,49,2,0,0,0,144,54,38,0,0,196,167,0
"Michigan","Monroe",2022,61,51,8,1,0,0,1,596,59,26,0,0,0,0,61
"Michigan","Muskegon",2022,243,211,25,5,2,0,0,187,58,37,0,0,243,0,0
"Michigan","Oakland",2022,282,245,37,0,0,0,0,100,54,38,0,0,235,47,0
"Michigan","Ottawa",2022,332,244,84,2,2,0,0,164,64,39,0,0,149,183,0
"Michigan","Schoolcraft",2022,362,330,31,1,0,0,0,126,48,31,0,0,202,160,0
"Michigan","St. Clair",2022,359,278,79,2,0,0,0,133,64,38,0,0,196,163,0
"Michigan","Tuscola",2022,361,334,26,1,0,0,0,105,49,34,0,0,361,0,0
"Michigan","Washtenaw",2022,365,276,88,1,0,0,0,101,64,41,0,0,233,132,0
"Michigan","Wayne",2022,365,151,197,17,0,0,0,133,79,53,0,9,69,269,18
"Michigan","Wexford",2022,359,331,24,4,0,0,0,136,49,35,0,0,359,0,0
"Minnesota","Anoka",2022,365,327,38,0,0,0,0,93,51,38,0,8,280,71,6
"Minnesota","Becker",2022,354,338,15,1,0,0,0,125,45,32,0,0,206,148,0
"Minnesota","Beltrami",2022,346,342,4,0,0,0,0,60,35,18,0,0,0,346,0
"Minnesota","Carlton",2022,355,354,1,0,0,0,0,51,40,23,0,0,190,165,0
"Minnesota","Cass",2022,348,340,8,0,0,0,0,60,40,24,0,0,0,348,0
"Minnesota","Cook",2022,330,330,0,0,0,0,0,44,16,3,0,0,0,330,0
"Minnesota","Crow Wing",2022,365,344,21,0,0,0,0,67,44,34,0,0,222,143,0
"Minnesota","Dakota",2022,365,335,30,0,0,0,0,79,47,27,0,106,0,259,0
"Minnesota","Goodhue",2022,220,210,10,0,0,0,0,71,47,38,0,0,220,0,0
"Minnesota","Hennepin",2022,365,294,71,0,0,0,0,95,57,36,0,33,112,191,29
"Minnesota","Lake",2022,357,350,7,0,0,0,0,76,44,29,0,0,220,137,0
"Minnesota","Lyon",2022,356,324,30,0,2,0,0,167,49,36,0,0,212,144,0
"Minnesota","Mille Lacs",2022,151,151,0,0,0,0,0,48,43,35,0,0,151,0,0
"Minnesota","Olmsted",2022,359,314,44,1,0,0,0,110,53,37,0,0,166,193,0
"Minnesota","Ramsey",2022,365,322,43,0,0,0,0,83,53,28,0,0,0,279,86
"Minnesota","Saint Louis",2022,365,344,21,0,0,0,0,72,45,34,0,6,293,55,11
"Minnesota","Scott",2022,365,321,44,0,0,0,0,88,52,37,0,0,265,100,0
"Minnesota","Stearns",2022,277,246,31,0,0,0,0,75,52,36,0,0,127,150,0
"Minnesota","Washington",2022,227,212,15,0,0,0,0,90,48,36,0,0,227,0,0
"Minnesota","Winona",2022,121,118,3,0,0,0,0,61,33,17,0,0,0,121,0
"Minnesota","Wright",2022,356,315,41,0,0,0,0,88,52,38,0,0,220,136,0
"Mississippi","Bolivar",2022,365,296,69,0,0,0,0,92,56,38,0,0,157,208,0
"Mississippi","DeSoto",2022,365,288,71,6,0,0,0,133,59,40,0,0,142,223,0
"Mississippi","Forrest",2022,365,266,98,1,0,0,0,105,59,38,0,0,0,365,0
"Mississippi","Hancock",2022,359,303,56,0,0,0,0,88,54,37,0,0,164,195,0
"Mississippi","Harrison",2022,365,283,82,0,0,0,0,100,57,39,0,0,158,207,0
"Mississippi","Hinds",2022,365,259,104,2,0,0,0,105,63,43,0,0,161,204,0
"Mississippi","Jackson",2022,365,302,62,1,0,0,0,101,56,38,0,2,194,169,0
"Mississippi","Lauderdale",2022,240,230,10,0,0,0,0,77,47,36,0,0,240,0,0
"Mississippi","Lee",2022,245,226,19,0,0,0,0,100,49,40,0,0,245,0,0
"Mississippi","Yalobusha",2022,340,327,13,0,0,0,0,100,45,34,0,0,340,0,0
"Missouri","Andrew",2022,245,213,31,1,0,0,0,101,51,43,0,0,245,0,0
"Missouri","Boone",2022,245,235,10,0,0,0,0,67,48,38,0,0,245,0,0
"Missouri","Buchanan",2022,365,306,57,2,0,0,0,106,53,34,0,0,0,221,144
"Missouri","Callaway",2022,244,222,22,0,0,0,0,74,50,40,0,0,244,0,0
"Missouri","Cass",2022,360,322,38,0,0,0,0,87,51,38,0,0,219,141,0
"Missouri","Cedar",2022,349,294,55,0,0,0,0,100,58,39,0,0,225,124,0
"Missouri","Clay",2022,365,302,59,4,0,0,0,112,61,39,0,0,228,137,0
"Missouri","Clinton",2022,245,211,33,1,0,0,0,101,58,41,0,0,245,0,0
"Missouri","Greene",2022,365,279,86,0,0,0,0,100,62,43,0,0,184,180,1
"Missouri","Jackson",2022,365,258,107,0,0,0,0,93,58,42,0,37,0,265,63
"Missouri","Jasper",2022,363,283,79,1,0,0,0,108,68,41,0,0,206,0,157
"Missouri","Jefferson",2022,360,278,79,3,0,0,0,108,61,41,0,0,195,141,24
"Missouri","Lincoln",2022,245,214,30,1,0,0,0,112,54,41,0,0,245,0,0
"Missouri","Monroe",2022,365,364,1,0,0,0,0,52,44,34,0,0,358,0,7
"Missouri","Perry",2022,245,211,34,0,0,0,0,97,58,42,0,0,245,0,0
"Missouri","Saint Charles",2022,245,206,32,7,0,0,0,129,64,42,0,0,245,0,0
"Missouri","Saint Louis",2022,365,295,68,2,0,0,0,140,60,40,0,22,215,128,0
"Missouri","Sainte Genevieve",2022,244,215,29,0,0,0,0,100,54,41,0,0,244,0,0
"Missouri","St. Louis City",2022,365,202,158,5,0,0,0,117,74,48,0,7,130,182,46
"Missouri","Stoddard",2022,114,107,7,0,0,0,0,77,44,23,0,0,0,114,0
"Missouri","Taney",2022,118,112,6,0,0,0,0,67,39,19,0,0,0,118,0
"Montana","Cascade",2022,359,340,17,2,0,0,0,128,38,17,0,0,0,359,0
"Montana","Custer",2022,364,341,23,0,0,0,0,80,48,38,0,5,302,52,5
"Montana","Fergus",2022,365,348,15,2,0,0,0,122,47,40,0,0,339,26,0
"Montana","Flathead",2022,365,284,78,2,1,0,0,152,60,39,0,0,189,131,45
"Montana","Gallatin",2022,365,322,39,4,0,0,0,148,52,24,0,3,0,362,0
"Montana","Lake",2022,97,94,2,1,0,0,0,120,28,8,0,0,0,97,0
"Montana","Lewis and Clark",2022,365,299,59,4,3,0,0,163,58,43,0,0,247,118,0
"Montana","Lincoln",2022,365,228,131,4,2,0,0,168,74,37,0,0,0,359,6
"Montana","Missoula",2022,365,207,143,11,4,0,0,179,78,45,0,0,153,212,0
"Montana","Phillips",2022,365,353,12,0,0,0,0,87,43,35,0,0,317,41,7
"Montana","Powder River",2022,365,311,51,3,0,0,0,108,54,38,0,0,276,40,49
"Montana","Powell",2022,114,107,6,1,0,0,0,104,35,9,0,0,0,114,0
"Montana","Ravalli",2022,363,316,35,2,8,2,0,238,59,20,0,0,0,363,0
"Montana","Richland",2022,361,344,17,0,0,0,0,76,46,37,0,0,311,45,5
"Montana","Roosevelt",2022,101,99,2,0,0,0,0,59,23,10,0,0,0,101,0
"Montana","Rosebud",2022,20,20,0,0,0,0,0,22,13,6,0,0,0,20,0
"Montana","Sanders",2022,365,318,42,2,3,0,0,178,54,28,0,0,0,287,78
"Montana","Sheridan",2022,89,86,3,0,0,0,0,62,27,12,0,0,0,89,0
"Montana","Silver Bow",2022,365,298,57,8,2,0,0,159,62,22,0,0,0,245,120
"Montana","Yellowstone",2022,365,339,24,1,1,0,0,154,45,24,0,0,0,365,0
"Nebraska","Cass",2022,356,337,19,0,0,0,0,87,40,19,0,0,0,0,356
"Nebraska","Douglas",2022,365,307,57,1,0,0,0,108,54,40,0,0,292,56,17
"Nebraska","Gage",2022,278,268,10,0,0,0,0,78,37,17,0,0,0,278,0
"Nebraska","Hall",2022,350,331,19,0,0,0,0,81,43,20,0,0,0,350,0
"Nebraska","Knox",2022,355,319,36,0,0,0,0,100,51,37,0,0,355,0,0
"Nebraska","Lancaster",2022,277,267,10,0,0,0,0,61,44,37,0,0,231,46,0
"Nebraska","Sarpy",2022,331,308,23,0,0,0,0,93,46,24,0,0,0,331,0
"Nebraska","Scotts Bluff",2022,339,334,5,0,0,0,0,77,27,12,0,0,0,339,0
"Nebraska","Thomas",2022,89,89,0,0,0,0,0,47,27,13,0,0,0,89,0
"Nebraska","Washington",2022,299,290,9,0,0,0,0,60,33,14,0,0,0,299,0
"Nevada","Carson City",2022,364,310,45,5,3,1,0,202,55,43,0,0,308,56,0
"Nevada","Churchill",2022,349,330,19,0,0,0,0,100,47,39,0,0,349,0,0
"Nevada","Clark",2022,365,104,235,20,3,1,2,482,97,63,0,5,220,102,38
"Nevada","Douglas",2022,356,319,31,1,5,0,0,183,52,15,0,0,0,356,0
"Nevada","Elko",2022,363,341,20,2,0,0,0,149,38,18,0,0,0,13,350
"Nevada","Lyon",2022,355,329,25,1,0,0,0,105,49,39,0,0,355,0,0
"Nevada","Nye",2022,358,306,41,6,4,1,0,294,57,22,0,0,0,0,358
"Nevada","Washoe",2022,365,229,127,1,6,2,0,234,74,47,0,3,271,81,10
"Nevada","White Pine",2022,346,291,55,0,0,0,0,87,54,44,0,0,336,10,0
"New Hampshire","Belknap",2022,358,349,9,0,0,0,0,64,43,29,0,0,210,148,0
"New Hampshire","Cheshire",2022,365,331,34,0,0,0,0,81,50,34,0,0,278,87,0
"New Hampshire","Coos",2022,359,350,9,0,0,0,0,64,46,40,0,0,355,4,0
"New Hampshire","Grafton",2022,365,354,11,0,0,0,0,84,44,34,0,0,292,73,0
"New Hampshire","Hillsborough",2022,365,341,24,0,0,0,0,100,49,39,2,0,353,10,0
"New Hampshire","Merrimack",2022,212,205,7,0,0,0,0,84,46,36,0,0,212,0,0
"New Hampshire","Rockingham",2022,365,324,39,2,0,0,0,122,51,38,0,0,309,56,0
"New Jersey","Atlantic",2022,365,346,18,0,1,0,0,176,45,33,0,0,283,82,0
"New Jersey","Bergen",2022,365,304,61,0,0,0,0,90,56,38,0,101,177,87,0
"New Jersey","Camden",2022,365,271,93,1,0,0,0,108,58,43,0,17,194,153,1
"New Jersey","Cumberland",2022,362,334,28,0,0,0,0,84,49,36,0,8,308,46,0
"New Jersey","Essex",2022,269,213,56,0,0,0,0,97,58,40,1,52,157,59,0
"New Jersey","Gloucester",2022,288,227,58,3,0,0,0,126,61,41,0,0,244,44,0
"New Jersey","Hudson",2022,365,290,73,2,0,0,0,115,59,39,2,84,169,110,0
"New Jersey","Hunterdon",2022,364,296,68,0,0,0,0,93,58,39,0,0,270,94,0
"New Jersey","Mercer",2022,365,293,69,3,0,0,0,119,58,41,0,0,240,125,0
"New Jersey","Middlesex",2022,365,310,54,1,0,0,0,101,55,38,0,17,251,97,0
"New Jersey","Monmouth",2022,248,226,20,1,1,0,0,161,49,38,0,0,248,0,0
"New Jersey","Morris",2022,360,330,30,0,0,0,0,84,50,35,0,6,339,15,0
"New Jersey","Ocean",2022,358,312,43,3,0,0,0,105,53,37,0,0,230,128,0
"New Jersey","Passaic",2022,304,279,25,0,0,0,0,89,50,36,0,0,225,79,0
"New Jersey","Union",2022,365,260,105,0,0,0,0,80,60,40,0,111,0,254,0
"New Jersey","Warren",2022,363,299,64,0,0,0,0,85,55,37,0,35,168,160,0
"New Mexico","Bernalillo",2022,365,104,228,28,2,1,2,792,97,60,0,0,182,105,78
"New Mexico","Catron",2022,114,113,1,0,0,0,0,61,20,9,0,0,0,114,0
"New Mexico","Chaves",2022,121,117,4,0,0,0,0,59,38,20,0,0,0,121,0
"New Mexico","Dona Ana",2022,365,181,155,24,1,2,2,375,93,51,0,21,231,24,89
"New Mexico","Eddy",2022,365,209,128,27,1,0,0,151,93,48,0,1,358,6,0
"New Mexico","Lea",2022,365,262,98,5,0,0,0,126,73,44,0,2,307,56,0
"New Mexico","Lincoln",2022,109,108,1,0,0,0,0,77,30,12,0,0,0,109,0
"New Mexico","Los Alamos",2022,118,114,3,1,0,0,0,103,30,10,0,0,0,118,0
"New Mexico","Luna",2022,358,317,32,6,2,0,1,775,52,17,0,0,0,0,358
"New Mexico","Rio Arriba",2022,331,305,25,1,0,0,0,105,49,40,0,0,317,14,0
"New Mexico","San Juan",2022,365,238,116,9,1,1,0,220,77,45,0,2,342,0,21
"New Mexico","Sandoval",2022,360,295,64,1,0,0,0,101,67,43,0,0,360,0,0
"New Mexico","Santa Fe",2022,365,291,74,0,0,0,0,97,61,44,0,0,349,16,0
"New Mexico","Socorro",2022,115,112,3,0,0,0,0,68,23,11,0,0,0,115,0
"New Mexico","Taos",2022,359,340,19,0,0,0,0,84,38,14,0,0,0,359,0
"New Mexico","Valencia",2022,361,317,44,0,0,0,0,93,54,41,0,0,361,0,0
"New York","Albany",2022,365,323,42,0,0,0,0,87,52,36,0,0,244,121,0
"New York","Bronx",2022,365,290,74,1,0,0,0,101,58,40,0,67,186,112,0
"New York","Chautauqua",2022,355,329,22,4,0,0,0,140,49,36,0,0,342,13,0
"New York","Dutchess",2022,341,321,20,0,0,0,0,97,48,35,0,0,341,0,0
"New York","Erie",2022,365,295,68,2,0,0,0,150,56,39,0,16,195,153,1
"New York","Essex",2022,365,348,15,2,0,0,0,115,48,40,0,0,361,4,0
"New York","Hamilton",2022,350,345,5,0,0,0,0,71,43,34,0,0,350,0,0
"New York","Jefferson",2022,360,352,8,0,0,0,0,84,43,32,0,0,360,0,0
"New York","Kings",2022,364,305,59,0,0,0,0,83,54,32,0,0,0,364,0
"New York","Monroe",2022,365,313,50,2,0,0,0,126,54,37,0,1,247,117,0
"New York","Nassau",2022,361,349,12,0,0,0,0,64,43,22,0,0,0,361,0
"New York","New York",2022,365,287,77,1,0,0,0,105,58,38,0,0,204,161,0
"New York","Niagara",2022,358,339,18,1,0,0,0,133,45,35,0,0,358,0,0
"New York","Oneida",2022,332,321,11,0,0,0,0,81,40,20,0,0,0,332,0
"New York","Onondaga",2022,365,353,12,0,0,0,0,67,45,35,0,0,289,76,0
"New York","Orange",2022,363,336,27,0,0,0,0,69,48,33,0,0,127,236,0
"New York","Oswego",2022,354,349,5,0,0,0,0,58,43,32,0,0,354,0,0
"New York","Putnam",2022,333,311,22,0,0,0,0,100,47,34,0,0,333,0,0
"New York","Queens",2022,365,275,87,3,0,0,0,126,63,41,0,48,164,153,0
"New York","Richmond",2022,365,321,43,1,0,0,0,105,52,36,0,0,214,151,0
"New York","Rockland",2022,365,337,28,0,0,0,0,90,49,35,0,0,299,66,0
"New York","Saratoga",2022,362,354,8,0,0,0,0,74,44,32,0,0,362,0,0
"New York","Steuben",2022,365,348,17,0,0,0,0,67,45,35,0,0,299,66,0
"New York","Suffolk",2022,365,311,46,8,0,0,0,133,55,40,0,0,300,65,0
"New York","Tompkins",2022,361,349,12,0,0,0,0,67,44,36,0,0,361,0,0
"New York","Wayne",2022,343,333,9,1,0,0,0,101,44,33,0,0,343,0,0
"New York","Westchester",2022,365,324,41,0,0,0,0,100,51,36,0,0,297,68,0
"North Carolina","Alexander",2022,300,280,20,0,0,0,0,90,49,37,0,0,245,0,55
"North Carolina","Avery",2022,321,300,21,0,0,0,0,77,48,38,0,0,296,25,0
"North Carolina","Buncombe",2022,365,346,19,0,0,0,0,74,47,35,0,0,203,162,0
"North Carolina","Caldwell",2022,245,224,21,0,0,0,0,74,50,40,0,0,245,0,0
"North Carolina","Carteret",2022,359,346,13,0,0,0,0,77,46,35,0,0,359,0,0
"North Carolina","Caswell",2022,264,253,11,0,0,0,0,64,48,39,0,0,245,0,19
"North Carolina","Catawba",2022,355,307,48,0,0,0,0,78,53,33,0,0,0,355,0
"North Carolina","Cumberland",2022,360,298,61,1,0,0,0,115,58,41,0,0,206,143,11
"North Carolina","Davidson",2022,354,287,67,0,0,0,0,84,55,35,0,0,0,354,0
"North Carolina","Durham",2022,365,339,26,0,0,0,0,93,49,38,0,0,208,154,3
"North Carolina","Edgecombe",2022,356,337,19,0,0,0,0,93,47,35,0,0,226,130,0
"North Carolina","Forsyth",2022,365,281,83,1,0,0,0,137,58,43,0,4,193,168,0
"North Carolina","Graham",2022,244,200,41,3,0,0,0,112,61,43,0,0,244,0,0
"North Carolina","Granville",2022,244,223,20,1,0,0,0,112,50,42,0,0,244,0,0
"North Carolina","Guilford",2022,365,286,79,0,0,0,0,84,55,42,0,0,196,158,11
"North Carolina","Haywood",2022,280,235,44,1,0,0,0,108,58,43,0,0,244,36,0
"North Carolina","Hyde",2022,115,113,2,0,0,0,0,56,30,16,0,0,0,115,0
"North Carolina","Johnston",2022,365,329,35,1,0,0,0,140,50,37,0,0,189,176,0
"North Carolina","Lenoir",2022,241,217,23,1,0,0,0,108,50,39,0,0,241,0,0
"North Carolina","Lincoln",2022,243,202,40,1,0,0,0,108,58,43,0,0,243,0,0
"North Carolina","Macon",2022,360,349,11,0,0,0,0,97,45,31,0,0,360,0,0
"North Carolina","Martin",2022,289,282,7,0,0,0,0,80,44,34,0,0,244,0,45
"North Carolina","Mecklenburg",2022,365,270,93,2,0,0,0,119,64,44,0,3,220,142,0
"North Carolina","Mitchell",2022,346,335,11,0,0,0,0,65,42,23,0,0,0,346,0
"North Carolina","Montgomery",2022,363,312,51,0,0,0,0,80,52,39,0,0,244,119,0
"North Carolina","New Hanover",2022,361,335,26,0,0,0,0,80,48,36,0,0,160,201,0
"North Carolina","Northampton",2022,362,338,24,0,0,0,0,67,46,25,0,6,0,356,0
"North Carolina","Person",2022,243,229,14,0,0,0,0,90,49,40,0,0,243,0,0
"North Carolina","Pitt",2022,365,345,20,0,0,0,0,97,47,34,0,0,216,149,0
"North Carolina","Rockingham",2022,239,219,20,0,0,0,0,80,50,41,0,0,239,0,0
"North Carolina","Rowan",2022,364,298,66,0,0,0,0,87,55,43,0,0,256,108,0
"North Carolina","Swain",2022,365,326,39,0,0,0,0,87,51,37,0,0,174,191,0
"North Carolina","Union",2022,244,218,26,0,0,0,0,100,51,41,0,0,244,0,0
"North Carolina","Wake",2022,365,293,71,1,0,0,0,122,54,42,0,0,211,154,0
"North Carolina","Yancey",2022,242,200,42,0,0,0,0,93,61,44,0,0,242,0,0
"North Dakota","Billings",2022,363,349,14,0,0,0,0,76,45,37,0,0,290,73,0
"North Dakota","Burke",2022,363,336,27,0,0,0,0,77,48,37,0,0,271,88,4
"North Dakota","Burleigh",2022,365,307,58,0,0,0,0,99,54,32,0,5,173,176,11
"North Dakota","Cass",2022,365,313,51,1,0,0,0,111,54,36,0,5,236,124,0
"North Dakota","Dunn",2022,362,337,25,0,0,0,0,80,47,36,0,1,290,66,5
"North Dakota","McKenzie",2022,331,317,14,0,0,0,0,72,45,34,0,1,269,61,0
"North Dakota","Mercer",2022,365,346,19,0,0,0,0,71,45,34,0,1,285,79,0
"North Dakota","Oliver",2022,364,311,53,0,0,0,0,85,54,38,0,0,255,109,0
"North Dakota","Ward",2022,359,342,17,0,0,0,0,77,45,35,0,0,286,73,0
"Ohio","Allen",2022,365,312,53,0,0,0,0,97,56,38,0,0,230,135,0
"Ohio","Ashtabula",2022,239,211,23,5,0,0,0,133,54,38,0,0,239,0,0
"Ohio","Athens",2022,119,116,3,0,0,0,0,63,39,20,0,0,0,119,0
"Ohio","Belmont",2022,360,349,11,0,0,0,0,61,33,15,0,255,0,100,5
"Ohio","Butler",2022,365,224,137,4,0,0,0,119,69,45,0,0,166,187,12
"Ohio","Clark",2022,338,259,78,1,0,0,0,129,59,41,0,0,187,151,0
"Ohio","Clermont",2022,360,300,59,1,0,0,0,129,54,39,0,0,196,164,0
"Ohio","Clinton",2022,245,216,28,1,0,0,0,140,54,40,0,0,245,0,0
"Ohio","Columbiana",2022,61,61,0,0,0,0,0,40,23,12,0,0,0,0,61
"Ohio","Cuyahoga",2022,365,216,141,6,2,0,0,156,74,45,2,9,140,202,12
"Ohio","Delaware",2022,244,230,14,0,0,0,0,100,47,37,0,0,244,0,0
"Ohio","Fayette",2022,128,126,2,0,0,0,0,64,46,35,0,0,128,0,0
"Ohio","Franklin",2022,365,274,89,2,0,0,0,143,63,42,0,5,196,162,2
"Ohio","Geauga",2022,239,210,27,2,0,0,0,119,54,40,0,0,239,0,0
"Ohio","Greene",2022,242,209,32,1,0,0,0,119,51,40,0,0,242,0,0
"Ohio","Hamilton",2022,365,210,151,3,1,0,0,151,68,47,0,21,137,207,0
"Ohio","Harrison",2022,42,39,3,0,0,0,0,67,43,25,0,0,0,40,2
"Ohio","Jefferson",2022,365,234,131,0,0,0,0,97,64,45,0,0,110,255,0
"Ohio","Knox",2022,245,225,19,1,0,0,0,119,50,39,0,0,245,0,0
"Ohio","Lake",2022,365,310,51,4,0,0,0,150,58,38,0,0,227,134,4
"Ohio","Lawrence",2022,361,309,52,0,0,0,0,74,54,38,0,0,168,193,0
"Ohio","Licking",2022,245,226,17,2,0,0,0,115,49,39,0,0,245,0,0
"Ohio","Lorain",2022,243,228,14,1,0,0,0,115,48,35,0,0,243,0,0
"Ohio","Lucas",2022,362,295,62,5,0,0,0,119,59,39,0,0,199,163,0
"Ohio","Madison",2022,244,218,26,0,0,0,0,90,51,39,0,0,244,0,0
"Ohio","Mahoning",2022,349,278,68,3,0,0,0,129,58,40,0,0,170,177,2
"Ohio","Medina",2022,362,309,51,2,0,0,0,126,54,38,0,0,227,135,0
"Ohio","Miami",2022,245,214,29,2,0,0,0,122,51,39,0,0,245,0,0
"Ohio","Montgomery",2022,365,266,97,2,0,0,0,126,61,41,0,0,184,181,0
"Ohio","Noble",2022,353,322,31,0,0,0,0,93,49,37,0,0,338,15,0
"Ohio","Portage",2022,282,238,40,3,1,0,0,159,61,40,0,0,238,44,0
"Ohio","Preble",2022,365,294,69,2,0,0,0,136,58,40,1,0,228,135,1
"Ohio","Scioto",2022,365,351,14,0,0,0,0,71,36,17,0,0,0,123,242
"Ohio","Stark",2022,365,274,89,2,0,0,0,136,62,43,0,0,176,189,0
"Ohio","Summit",2022,362,280,79,3,0,0,0,133,59,40,0,0,196,166,0
"Ohio","Trumbull",2022,360,301,57,2,0,0,0,136,55,39,0,0,213,147,0
"Ohio","Warren",2022,356,287,66,3,0,0,0,133,61,40,0,0,209,147,0
"Ohio","Washington",2022,245,222,23,0,0,0,0,84,50,39,0,0,245,0,0
"Ohio","Wood",2022,242,220,22,0,0,0,0,97,50,38,0,0,242,0,0
"Oklahoma","Adair",2022,361,311,46,4,0,0,0,122,55,41,1,0,280,71,9
"Oklahoma","Canadian",2022,284,218,63,3,0,0,0,108,67,43,0,0,284,0,0
"Oklahoma","Carter",2022,343,310,32,0,1,0,0,157,50,28,0,0,0,343,0
"Oklahoma","Cleveland",2022,348,230,114,4,0,0,0,105,67,44,0,0,195,153,0
"Oklahoma","Comanche",2022,353,252,99,2,0,0,0,126,71,44,0,0,228,125,0
"Oklahoma","Creek",2022,279,220,57,2,0,0,0,112,71,43,0,0,279,0,0
"Oklahoma","Dewey",2022,346,249,94,3,0,0,0,129,71,43,0,0,224,122,0
"Oklahoma","Grant",2022,119,116,3,0,0,0,0,70,41,21,0,0,0,119,0
"Oklahoma","Kay",2022,361,310,51,0,0,0,0,92,54,32,0,0,0,361,0
"Oklahoma","Kiowa",2022,259,187,70,2,0,0,0,115,74,44,0,0,259,0,0
"Oklahoma","Love",2022,281,196,77,8,0,0,0,150,77,45,0,0,281,0,0
"Oklahoma","Mayes",2022,266,246,19,1,0,0,0,112,49,39,0,0,266,0,0
"Oklahoma","McClain",2022,278,204,71,3,0,0,0,119,71,45,0,0,278,0,0
"Oklahoma","Nowata",2022,349,171,171,7,0,0,0,139,77,51,0,0,150,199,0
"Oklahoma","Oklahoma",2022,365,223,136,6,0,0,0,129,74,47,0,22,185,148,10
"Oklahoma","Osage",2022,292,221,64,5,2,0,0,172,74,44,0,0,292,0,0
"Oklahoma","Ottawa",2022,365,225,129,6,4,1,0,238,73,45,0,0,148,212,5
"Oklahoma","Pittsburg",2022,348,269,75,4,0,0,0,139,60,42,0,0,190,158,0
"Oklahoma","Pontotoc",2022,152,139,12,1,0,0,0,101,50,36,0,0,130,21,1
"Oklahoma","Sequoyah",2022,364,319,43,2,0,0,0,122,54,38,0,9,191,164,0
"Oklahoma","Tulsa",2022,365,225,128,10,2,0,0,185,77,47,0,1,225,127,12
"Oregon","Baker",2022,365,320,42,3,0,0,0,124,54,24,0,0,0,365,0
"Oregon","Benton",2022,206,195,11,0,0,0,0,64,40,15,0,0,0,206,0
"Oregon","Clackamas",2022,364,311,48,3,2,0,0,164,57,30,0,0,143,221,0
"Oregon","Columbia",2022,362,326,33,1,2,0,0,159,50,27,0,0,135,227,0
"Oregon","Crook",2022,359,320,37,2,0,0,0,128,52,18,0,0,0,359,0
"Oregon","Deschutes",2022,365,312,47,2,4,0,0,189,57,18,0,0,0,365,0
"Oregon","Douglas",2022,46,31,15,0,0,0,0,64,57,42,0,0,0,46,0
"Oregon","Grant",2022,365,246,118,1,0,0,0,108,68,35,0,0,0,365,0
"Oregon","Harney",2022,365,272,91,2,0,0,0,114,66,30,0,0,0,365,0
"Oregon","Jackson",2022,365,264,93,5,3,0,0,161,65,39,0,0,126,239,0
"Oregon","Jefferson",2022,365,305,59,1,0,0,0,108,58,19,0,0,0,365,0
"Oregon","Josephine",2022,365,244,106,8,6,1,0,227,81,29,0,0,0,365,0
"Oregon","Klamath",2022,365,267,94,2,2,0,0,160,66,29,0,0,0,365,0
"Oregon","Lake",2022,365,304,57,4,0,0,0,129,60,19,0,0,0,360,5
"Oregon","Lane",2022,365,227,99,5,15,9,10,385,116,38,0,0,96,269,0
"Oregon","Linn",2022,365,296,67,2,0,0,0,127,61,25,0,0,0,365,0
"Oregon","Marion",2022,365,278,80,5,2,0,0,164,67,33,0,0,135,230,0
"Oregon","Multnomah",2022,365,299,61,3,2,0,0,161,58,34,0,2,227,136,0
"Oregon","Umatilla",2022,365,291,71,3,0,0,0,141,62,37,0,0,136,229,0
"Oregon","Union",2022,361,321,36,4,0,0,0,130,52,21,0,0,0,355,6
"Oregon","Wallowa",2022,343,304,31,3,5,0,0,183,52,20,0,0,0,343,0
"Oregon","Wasco",2022,161,161,0,0,0,0,0,38,18,12,0,0,0,161,0
"Oregon","Washington",2022,365,275,87,1,2,0,0,161,64,32,0,9,184,172,0
"Pennsylvania","Adams",2022,365,292,73,0,0,0,0,97,55,41,0,0,230,135,0
"Pennsylvania","Allegheny",2022,365,186,168,10,1,0,0,151,82,49,0,0,137,228,0
"Pennsylvania","Armstrong",2022,365,268,95,2,0,0,0,122,59,41,0,0,183,182,0
"Pennsylvania","Beaver",2022,364,245,118,1,0,0,0,112,62,44,0,4,155,205,0
"Pennsylvania","Berks",2022,365,285,78,2,0,0,0,101,62,41,0,0,200,165,0
"Pennsylvania","Blair",2022,363,296,67,0,0,0,0,97,54,39,0,0,173,190,0
"Pennsylvania","Bradford",2022,303,279,24,0,0,0,0,80,49,37,0,1,220,82,0
"Pennsylvania","Bucks",2022,237,196,39,2,0,0,0,119,64,41,0,0,237,0,0
"Pennsylvania","Cambria",2022,363,252,110,1,0,0,0,119,62,43,2,2,140,219,0
"Pennsylvania","Centre",2022,365,309,56,0,0,0,0,88,54,40,0,0,250,115,0
"Pennsylvania","Chester",2022,364,307,57,0,0,0,0,80,54,37,0,0,158,206,0
"Pennsylvania","Clearfield",2022,219,215,4,0,0,0,0,97,44,35,0,0,219,0,0
"Pennsylvania","Cumberland",2022,360,292,67,1,0,0,0,113,56,33,0,0,0,360,0
"Pennsylvania","Dauphin",2022,365,263,99,3,0,0,0,127,64,42,0,0,171,192,2
"Pennsylvania","Delaware",2022,365,278,87,0,0,0,0,94,61,39,0,5,72,288,0
"Pennsylvania","Elk",2022,363,353,9,1,0,0,0,101,45,35,0,0,363,0,0
"Pennsylvania","Erie",2022,365,325,40,0,0,0,0,90,52,34,0,9,186,170,0
"Pennsylvania","Fayette",2022,302,259,43,0,0,0,0,87,54,40,0,0,198,104,0
"Pennsylvania","Franklin",2022,237,225,12,0,0,0,0,84,47,39,0,0,237,0,0
"Pennsylvania","Greene",2022,294,260,34,0,0,0,0,100,52,38,0,0,194,100,0
"Pennsylvania","Indiana",2022,365,328,36,1,0,0,0,105,51,38,0,0,178,187,0
"Pennsylvania","Lackawanna",2022,363,315,48,0,0,0,0,71,54,38,4,38,193,128,0
"Pennsylvania","Lancaster",2022,365,153,205,6,1,0,0,152,77,54,0,0,63,302,0
"Pennsylvania","Lawrence",2022,243,223,18,2,0,0,0,126,48,37,0,0,243,0,0
"Pennsylvania","Lebanon",2022,364,289,73,2,0,0,0,108,59,38,0,0,161,203,0
"Pennsylvania","Lehigh",2022,359,295,64,0,0,0,0,99,56,38,0,0,177,168,14
"Pennsylvania","Luzerne",2022,235,224,11,0,0,0,0,74,47,37,0,0,235,0,0
"Pennsylvania","Lycoming",2022,304,271,33,0,0,0,0,78,51,38,0,0,201,103,0
"Pennsylvania","Mercer",2022,365,324,38,3,0,0,0,136,52,38,0,0,318,47,0
"Pennsylvania","Monroe",2022,202,184,18,0,0,0,0,93,49,39,0,0,202,0,0
"Pennsylvania","Montgomery",2022,362,289,72,1,0,0,0,108,58,40,0,0,182,180,0
"Pennsylvania","Northampton",2022,358,262,94,2,0,0,0,118,63,42,0,8,187,163,0
"Pennsylvania","Philadelphia",2022,365,228,133,4,0,0,0,113,71,46,0,27,173,165,0
"Pennsylvania","Somerset",2022,360,351,9,0,0,0,0,90,45,34,0,0,360,0,0
"Pennsylvania","Susquehanna",2022,279,267,12,0,0,0,0,63,44,25,0,0,0,279,0
"Pennsylvania","Tioga",2022,302,278,24,0,0,0,0,77,48,37,0,5,224,73,0
"Pennsylvania","Washington",2022,365,261,104,0,0,0,0,87,59,44,0,3,141,221,0
"Pennsylvania","Westmoreland",2022,304,268,36,0,0,0,0,73,52,35,0,0,138,166,0
"Pennsylvania","Wyoming",2022,270,258,12,0,0,0,0,60,42,26,0,0,0,270,0
"Pennsylvania","York",2022,365,277,87,1,0,0,0,105,61,42,0,17,193,155,0
"Puerto Rico","Bayamon",2022,358,345,13,0,0,0,0,75,30,14,137,0,137,84,0
"Puerto Rico","Caguas",2022,307,291,14,0,0,2,0,231,27,9,55,157,0,95,0
"Puerto Rico","Catano",2022,309,251,58,0,0,0,0,84,59,28,0,0,0,221,88
"Puerto Rico","Fajardo",2022,84,76,8,0,0,0,0,75,49,19,0,0,0,69,15
"Puerto Rico","Guayama",2022,67,65,2,0,0,0,0,63,26,14,0,0,0,32,35
"Puerto Rico","Guaynabo",2022,94,85,9,0,0,0,0,77,46,22,0,0,0,69,25
"Puerto Rico","Mayagnez",2022,321,280,36,4,1,0,0,154,53,31,0,0,98,223,0
"Puerto Rico","Ponce",2022,295,271,24,0,0,0,0,99,45,16,118,0,0,71,106
"Rhode Island","Kent",2022,358,341,17,0,0,0,0,100,45,31,0,0,207,151,0
"Rhode Island","Providence",2022,365,309,55,1,0,0,0,108,55,38,0,6,253,105,1
"Rhode Island","Washington",2022,356,323,29,3,1,0,0,164,50,34,0,0,213,143,0
"South Carolina","Aiken",2022,271,246,25,0,0,0,0,87,50,37,0,0,271,0,0
"South Carolina","Anderson",2022,246,230,16,0,0,0,0,74,48,39,0,0,246,0,0
"South Carolina","Berkeley",2022,234,221,13,0,0,0,0,80,49,36,0,0,234,0,0
"South Carolina","Charleston",2022,365,299,66,0,0,0,0,84,54,39,0,1,160,202,2
"South Carolina","Chesterfield",2022,343,305,38,0,0,0,0,97,51,36,0,0,202,141,0
"South Carolina","Darlington",2022,265,249,16,0,0,0,0,84,47,36,0,0,265,0,0
"South Carolina","Edgefield",2022,364,322,42,0,0,0,0,71,51,38,0,0,227,137,0
"South Carolina","Florence",2022,333,282,51,0,0,0,0,76,54,33,0,0,0,333,0
"South Carolina","Greenville",2022,365,253,112,0,0,0,0,97,61,43,0,0,192,173,0
"South Carolina","Horry",2022,263,247,16,0,0,0,0,93,49,38,0,0,263,0,0
"South Carolina","Lexington",2022,363,331,32,0,0,0,0,72,48,29,0,0,0,324,39
"South Carolina","Richland",2022,365,321,44,0,0,0,0,93,51,39,0,5,273,87,0
"South Carolina","Spartanburg",2022,363,280,83,0,0,0,0,87,58,43,0,0,189,174,0
"South Carolina","York",2022,363,301,61,1,0,0,0,126,54,39,0,0,215,148,0
"South Dakota","Brookings",2022,364,323,41,0,0,0,0,87,53,35,0,0,284,33,47
"South Dakota","Brown",2022,350,332,18,0,0,0,0,93,41,20,0,0,0,151,199
"South Dakota","Clay",2022,365,342,23,0,0,0,0,87,48,36,0,0,288,77,0
"South Dakota","Codington",2022,365,311,53,1,0,0,0,101,55,37,0,0,274,52,39
"South Dakota","Custer",2022,362,303,57,2,0,0,0,130,55,41,0,0,339,21,2
"South Dakota","Hughes",2022,362,357,5,0,0,0,0,58,21,5,0,0,0,362,0
"South Dakota","Jackson",2022,365,317,48,0,0,0,0,97,54,39,0,0,338,25,2
"South Dakota","Meade",2022,364,347,17,0,0,0,0,71,48,39,0,0,357,0,7
"South Dakota","Minnehaha",2022,365,313,51,1,0,0,0,105,54,37,0,0,302,38,25
"South Dakota","Pennington",2022,363,257,104,2,0,0,0,116,68,33,0,22,0,153,188
"Tennessee","Anderson",2022,245,228,17,0,0,0,0,80,48,39,0,0,245,0,0
"Tennessee","Blount",2022,365,306,58,1,0,0,0,115,58,42,0,0,286,79,0
"Tennessee","Claiborne",2022,363,355,8,0,0,0,0,74,44,34,0,0,363,0,0
"Tennessee","Davidson",2022,365,240,123,2,0,0,0,143,64,43,0,25,133,207,0
"Tennessee","DeKalb",2022,359,348,11,0,0,0,0,100,45,35,0,0,359,0,0
"Tennessee","Dyer",2022,356,322,33,1,0,0,0,102,50,29,0,0,0,356,0
"Tennessee","Hamilton",2022,341,242,98,1,0,0,0,105,64,43,0,0,150,191,0
"Tennessee","Jefferson",2022,244,219,25,0,0,0,0,87,51,41,0,0,244,0,0
"Tennessee","Knox",2022,365,267,98,0,0,0,0,74,58,41,0,0,136,229,0
"Tennessee","Lawrence",2022,351,337,14,0,0,0,0,80,42,20,0,0,0,351,0
"Tennessee","Loudon",2022,365,342,23,0,0,0,0,77,47,34,0,0,205,160,0
"Tennessee","Madison",2022,359,315,43,1,0,0,0,102,52,30,0,0,0,359,0
"Tennessee","Maury",2022,344,325,19,0,0,0,0,79,44,25,0,0,0,344,0
"Tennessee","McMinn",2022,357,325,32,0,0,0,0,70,50,30,0,0,0,357,0
"Tennessee","Montgomery",2022,359,331,28,0,0,0,0,85,48,27,0,0,0,359,0
"Tennessee","Putnam",2022,347,334,13,0,0,0,0,79,42,24,0,0,0,347,0
"Tennessee","Roane",2022,340,318,21,0,1,0,0,159,47,27,0,0,0,340,0
"Tennessee","Sevier",2022,362,314,48,0,0,0,0,93,54,42,0,0,362,0,0
"Tennessee","Shelby",2022,365,267,88,8,2,0,0,159,67,42,0,3,243,118,1
"Tennessee","Sullivan",2022,364,331,33,0,0,0,0,87,50,36,0,0,227,137,0
"Tennessee","Sumner",2022,358,299,58,1,0,0,0,147,55,38,0,0,191,167,0
"Tennessee","Williamson",2022,244,209,33,2,0,0,0,122,54,41,0,0,244,0,0
"Tennessee","Wilson",2022,242,221,20,1,0,0,0,122,49,39,0,0,242,0,0
"Texas","Atascosa",2022,356,285,69,2,0,0,0,115,58,33,0,0,0,356,0
"Texas","Bell",2022,365,272,90,3,0,0,0,129,71,43,0,0,287,78,0
"Texas","Bexar",2022,365,192,160,12,1,0,0,194,80,49,0,1,162,201,1
"Texas","Bowie",2022,349,254,95,0,0,0,0,99,60,41,0,0,0,349,0
"Texas","Brazoria",2022,365,311,46,8,0,0,0,119,61,35,0,5,360,0,0
"Texas","Brazos",2022,345,316,29,0,0,0,0,93,47,30,0,0,0,345,0
"Texas","Brewster",2022,357,300,57,0,0,0,0,87,54,41,0,0,307,50,0
"Texas","Cameron",2022,365,259,103,3,0,0,0,120,66,42,0,0,141,224,0
"Texas","Collin",2022,359,289,63,7,0,0,0,143,71,40,0,0,359,0,0
"Texas","Culberson",2022,175,111,60,4,0,0,0,119,80,32,0,0,78,97,0
"Texas","Dallas",2022,365,235,113,17,0,0,0,148,74,45,0,18,213,133,1
"Texas","Denton",2022,365,231,114,19,1,0,0,187,87,44,0,0,311,54,0
"Texas","Ector",2022,360,315,45,0,0,0,0,93,52,28,0,0,0,360,0
"Texas","El Paso",2022,365,134,211,19,1,0,0,163,84,54,0,15,183,149,18
"Texas","Ellis",2022,364,327,37,0,0,0,0,97,51,37,0,8,335,21,0
"Texas","Galveston",2022,365,287,71,6,1,0,0,159,64,40,0,1,246,118,0
"Texas","Gregg",2022,365,329,35,1,0,0,0,143,50,35,0,2,363,0,0
"Texas","Harris",2022,365,128,210,22,5,0,0,179,93,55,0,8,126,184,47
"Texas","Harrison",2022,328,237,86,4,1,0,0,173,61,43,0,2,170,156,0
"Texas","Hidalgo",2022,365,264,98,3,0,0,0,136,67,41,0,0,156,208,1
"Texas","Hood",2022,360,295,54,11,0,0,0,150,64,38,0,0,360,0,0
"Texas","Hunt",2022,358,330,28,0,0,0,0,97,50,36,0,5,353,0,0
"Texas","Jefferson",2022,365,275,85,5,0,0,0,129,63,43,0,0,209,156,0
"Texas","Johnson",2022,362,281,67,13,1,0,0,156,74,41,0,0,362,0,0
"Texas","Karnes",2022,349,349,0,0,0,0,0,34,17,6,0,349,0,0,0
"Texas","Kaufman",2022,365,288,74,3,0,0,0,112,61,42,0,1,280,84,0
"Texas","Kleberg",2022,347,254,89,4,0,0,0,133,61,35,0,0,0,347,0
"Texas","Lubbock",2022,347,321,24,2,0,0,0,138,44,20,0,0,0,347,0
"Texas","Maverick",2022,349,297,51,1,0,0,0,107,57,27,0,0,0,349,0
"Texas","McLennan",2022,364,285,79,0,0,0,0,100,61,41,3,0,210,151,0
"Texas","Montgomery",2022,364,249,109,6,0,0,0,126,68,44,0,1,226,137,0
"Texas","Navarro",2022,364,287,76,1,0,0,0,101,61,42,0,3,267,94,0
"Texas","Nueces",2022,365,273,90,2,0,0,0,106,61,41,0,0,177,188,0
"Texas","Orange",2022,365,307,56,2,0,0,0,108,55,38,0,4,215,146,0
"Texas","Parker",2022,358,290,54,14,0,0,0,147,67,40,0,0,358,0,0
"Texas","Polk",2022,328,313,15,0,0,0,0,97,46,32,0,0,328,0,0
"Texas","Potter",2022,359,340,18,1,0,0,0,108,43,23,0,0,0,359,0
"Texas","Randall",2022,338,251,83,4,0,0,0,122,77,44,0,0,338,0,0
"Texas","Rockwall",2022,360,339,21,0,0,0,0,100,47,34,0,0,360,0,0
"Texas","Smith",2022,363,289,68,6,0,0,0,122,64,40,0,19,344,0,0
"Texas","Tarrant",2022,365,208,135,20,2,0,0,172,90,48,0,14,216,135,0
"Texas","Travis",2022,365,246,112,7,0,0,0,129,75,44,0,10,201,154,0
"Texas","Victoria",2022,354,342,12,0,0,0,0,74,46,30,0,0,354,0,0
"Texas","Webb",2022,361,276,83,2,0,0,0,114,66,35,0,0,30,316,15
"Texas","Wilson",2022,300,300,0,0,0,0,0,44,21,8,0,300,0,0,0
"Utah","Box Elder",2022,281,266,15,0,0,0,0,90,47,35,0,16,265,0,0
"Utah","Cache",2022,365,268,90,6,1,0,0,154,67,44,0,0,262,103,0
"Utah","Carbon",2022,364,326,38,0,0,0,0,74,51,42,0,1,353,10,0
"Utah","Davis",2022,365,232,123,10,0,0,0,147,84,44,0,40,260,65,0
"Utah","Duchesne",2022,365,231,130,3,1,0,0,177,71,47,0,0,321,36,8
"Utah","Garfield",2022,293,247,46,0,0,0,0,93,58,44,0,0,259,34,0
"Utah","Iron",2022,365,318,47,0,0,0,0,80,52,41,0,14,330,21,0
"Utah","Salt Lake",2022,365,184,159,22,0,0,0,147,96,50,0,44,208,99,14
"Utah","San Juan",2022,364,311,53,0,0,0,0,84,54,44,0,0,361,3,0
"Utah","Tooele",2022,365,267,92,6,0,0,0,119,69,43,0,1,291,73,0
"Utah","Uintah",2022,365,259,106,0,0,0,0,93,64,46,0,1,343,21,0
"Utah","Utah",2022,365,245,115,5,0,0,0,119,74,45,0,9,263,80,13
"Utah","Washington",2022,365,293,72,0,0,0,0,97,61,44,0,0,353,12,0
"Utah","Wayne",2022,122,121,1,0,0,0,0,57,23,9,0,0,0,122,0
"Utah","Weber",2022,365,228,132,5,0,0,0,121,74,45,0,23,252,83,7
"Vermont","Bennington",2022,365,349,16,0,0,0,0,74,45,35,0,0,319,46,0
"Vermont","Chittenden",2022,365,340,25,0,0,0,0,89,48,38,0,0,281,84,0
"Vermont","Rutland",2022,365,324,41,0,0,0,0,71,52,35,0,1,230,134,0
"Vermont","Windham",2022,71,71,0,0,0,0,0,33,18,8,0,0,0,71,0
"Virgin Islands","St Croix",2022,26,23,3,0,0,0,0,63,56,22,0,0,0,26,0
"Virgin Islands","St John",2022,120,107,13,0,0,0,0,76,54,15,0,0,0,120,0
"Virginia","Albemarle",2022,361,328,33,0,0,0,0,67,50,38,0,0,175,186,0
"Virginia","Arlington",2022,365,335,30,0,0,0,0,100,49,36,0,50,289,26,0
"Virginia","Bristol City",2022,116,112,4,0,0,0,0,62,44,24,0,0,0,116,0
"Virginia","Caroline",2022,243,236,7,0,0,0,0,67,46,36,0,0,243,0,0
"Virginia","Carroll",2022,56,56,0,0,0,0,0,23,13,7,0,0,0,0,56
"Virginia","Charles",2022,356,343,13,0,0,0,0,74,46,32,0,87,224,45,0
"Virginia","Chesterfield",2022,286,275,11,0,0,0,0,80,47,37,0,0,237,49,0
"Virginia","Fairfax",2022,365,309,56,0,0,0,0,87,53,40,0,29,195,141,0
"Virginia","Fauquier",2022,244,237,7,0,0,0,0,71,44,34,0,0,244,0,0
"Virginia","Frederick",2022,334,287,47,0,0,0,0,88,52,37,0,0,183,150,1
"Virginia","Giles",2022,358,329,29,0,0,0,0,100,50,38,0,0,358,0,0
"Virginia","Hampton City",2022,363,332,31,0,0,0,0,77,50,38,2,0,205,156,0
"Virginia","Hanover",2022,239,226,13,0,0,0,0,77,49,39,0,0,239,0,0
"Virginia","Henrico",2022,364,315,48,1,0,0,0,112,53,40,0,2,232,130,0
"Virginia","Hopewell City",2022,51,51,0,0,0,0,0,23,12,7,0,0,0,0,51
"Virginia","Loudoun",2022,364,338,24,2,0,0,0,112,49,36,0,16,331,17,0
"Virginia","Lynchburg City",2022,116,115,1,0,0,0,0,55,40,22,0,0,0,116,0
"Virginia","Madison",2022,358,335,23,0,0,0,0,93,49,40,0,0,351,7,0
"Virginia","Norfolk City",2022,361,358,3,0,0,0,0,62,34,17,2,266,0,92,1
"Virginia","Pittsylvania",2022,363,363,0,0,0,0,0,28,7,3,0,363,0,0,0
"Virginia","Prince Edward",2022,347,340,7,0,0,0,0,54,44,34,0,0,347,0,0
"Virginia","Prince William",2022,350,337,13,0,0,0,0,93,46,35,0,5,345,0,0
"Virginia","Richmond City",2022,365,330,35,0,0,0,0,63,50,33,2,91,0,272,0
"Virginia","Roanoke",2022,365,324,41,0,0,0,0,80,52,38,1,7,191,166,0
"Virginia","Rockbridge",2022,285,280,5,0,0,0,0,71,45,32,0,0,236,49,0
"Virginia","Rockingham",2022,365,354,11,0,0,0,0,74,45,34,0,101,227,37,0
"Virginia","Salem City",2022,121,116,5,0,0,0,0,62,44,25,0,0,0,121,0
"Virginia","Stafford",2022,362,351,11,0,0,0,0,74,44,35,0,0,361,0,1
"Virginia","Suffolk City",2022,245,234,10,1,0,0,0,115,47,38,0,0,245,0,0
"Virginia","Virginia Beach City",2022,109,103,6,0,0,0,0,63,45,25,0,0,0,109,0
"Virginia","Wythe",2022,245,232,13,0,0,0,0,77,47,39,0,0,245,0,0
"Washington","Adams",2022,365,336,25,2,2,0,0,159,40,14,0,0,0,365,0
"Washington","Asotin",2022,358,248,103,3,4,0,0,187,68,34,0,0,0,358,0
"Washington","Benton",2022,365,305,57,2,1,0,0,151,58,36,0,0,148,162,55
"Washington","Chelan",2022,365,287,55,8,13,2,0,265,70,25,0,0,0,365,0
"Washington","Clallam",2022,365,322,41,2,0,0,0,124,53,35,0,0,249,116,0
"Washington","Clark",2022,365,295,65,2,3,0,0,169,62,32,0,0,117,248,0
"Washington","Columbia",2022,365,336,25,4,0,0,0,135,48,36,0,0,284,81,0
"Washington","Cowlitz",2022,363,335,26,2,0,0,0,144,45,16,0,0,0,363,0
"Washington","Franklin",2022,328,299,26,0,3,0,0,165,47,18,0,0,0,328,0
"Washington","Garfield",2022,301,281,16,2,2,0,0,159,45,15,0,0,0,301,0
"Washington","Grant",2022,365,315,47,0,3,0,0,161,54,23,0,0,0,365,0
"Washington","Grays Harbor",2022,365,356,8,1,0,0,0,112,33,16,0,0,0,365,0
"Washington","Jefferson",2022,349,338,11,0,0,0,0,89,31,16,0,0,0,349,0
"Washington","King",2022,365,260,86,14,4,1,0,212,77,38,0,29,156,180,0
"Washington","Kitsap",2022,359,328,28,3,0,0,0,143,48,21,0,0,0,359,0
"Washington","Kittitas",2022,364,281,78,3,2,0,0,161,70,21,0,0,0,364,0
"Washington","Klickitat",2022,117,110,7,0,0,0,0,95,41,14,0,0,0,117,0
"Washington","Lewis",2022,365,310,45,7,3,0,0,186,62,19,0,0,0,365,0
"Washington","Mason",2022,365,323,39,3,0,0,0,125,52,17,0,0,0,365,0
"Washington","Okanogan",2022,365,227,133,4,0,1,0,224,70,39,0,0,0,365,0
"Washington","Pend Oreille",2022,234,225,9,0,0,0,0,78,40,20,0,0,0,234,0
"Washington","Pierce",2022,365,281,73,9,2,0,0,171,67,43,0,2,242,121,0
"Washington","Skagit",2022,365,339,21,4,1,0,0,175,43,29,0,0,171,194,0
"Washington","Snohomish",2022,362,256,83,13,6,3,1,306,75,30,0,0,0,362,0
"Washington","Spokane",2022,365,293,66,3,3,0,0,176,62,38,0,0,151,205,9
"Washington","Stevens",2022,365,253,104,7,1,0,0,152,70,34,0,0,0,299,66
"Washington","Thurston",2022,348,327,18,1,2,0,0,155,43,24,0,0,135,213,0
"Washington","Walla Walla",2022,365,313,49,2,1,0,0,151,54,20,0,0,0,233,132
"Washington","Whatcom",2022,343,310,24,3,5,1,0,218,49,31,0,0,213,130,0
"Washington","Whitman",2022,365,329,32,0,4,0,0,180,50,18,0,0,0,365,0
"Washington","Yakima",2022,365,233,126,5,1,0,0,156,79,38,0,0,0,363,2
"West Virginia","Berkeley",2022,275,252,23,0,0,0,0,87,49,37,0,0,210,65,0
"West Virginia","Brooke",2022,363,351,12,0,0,0,0,73,40,17,0,0,0,120,243
"West Virginia","Cabell",2022,282,260,22,0,0,0,0,93,48,37,0,0,232,50,0
"West Virginia","Gilmer",2022,110,108,2,0,0,0,0,71,47,37,0,0,110,0,0
"West Virginia","Greenbrier",2022,240,236,4,0,0,0,0,71,44,34,0,0,240,0,0
"West Virginia","Hancock",2022,365,334,31,0,0,0,0,100,48,33,0,0,226,58,81
"West Virginia","Harrison",2022,113,106,7,0,0,0,0,64,46,25,0,0,0,113,0
"West Virginia","Kanawha",2022,353,315,38,0,0,0,0,90,51,37,1,0,188,164,0
"West Virginia","Marion",2022,117,107,10,0,0,0,0,69,49,27,0,0,0,117,0
"West Virginia","Marshall",2022,361,250,111,0,0,0,0,99,66,40,0,0,0,361,0
"West Virginia","Monongalia",2022,280,264,16,0,0,0,0,77,47,36,0,0,229,51,0
"West Virginia","Ohio",2022,283,266,17,0,0,0,0,66,47,35,0,0,217,66,0
"West Virginia","Tucker",2022,364,352,12,0,0,0,0,77,47,35,0,0,360,4,0
"West Virginia","Wood",2022,281,258,22,1,0,0,0,108,49,37,0,0,226,55,0
"Wisconsin","Ashland",2022,364,347,17,0,0,0,0,74,45,34,0,0,313,51,0
"Wisconsin","Brown",2022,359,313,44,2,0,0,0,112,54,35,0,0,168,191,0
"Wisconsin","Columbia",2022,202,191,11,0,0,0,0,80,46,38,0,0,202,0,0
"Wisconsin","Dane",2022,365,300,65,0,0,0,0,90,58,38,0,0,143,220,2
"Wisconsin","Dodge",2022,365,313,52,0,0,0,0,93,56,38,0,0,251,113,1
"Wisconsin","Door",2022,205,176,24,5,0,0,0,147,71,36,0,0,205,0,0
"Wisconsin","Eau Claire",2022,365,318,47,0,0,0,0,79,52,36,0,0,159,206,0
"Wisconsin","Fond du Lac",2022,203,193,9,1,0,0,0,108,48,36,0,0,203,0,0
"Wisconsin","Forest",2022,363,337,26,0,0,0,0,74,47,36,0,0,295,68,0
"Wisconsin","Grant",2022,359,310,49,0,0,0,0,77,53,30,0,0,0,359,0
"Wisconsin","Jackson",2022,359,339,19,1,0,0,0,118,44,23,0,0,0,359,0
"Wisconsin","Jefferson",2022,200,185,15,0,0,0,0,87,49,38,0,0,200,0,0
"Wisconsin","Kenosha",2022,365,279,81,4,1,0,0,164,67,40,0,0,222,143,0
"Wisconsin","Kewaunee",2022,201,172,25,3,1,0,0,161,61,39,0,0,201,0,0
"Wisconsin","La Crosse",2022,365,320,45,0,0,0,0,83,53,35,0,0,163,202,0
"Wisconsin","Manitowoc",2022,198,167,25,4,2,0,0,182,71,38,0,0,198,0,0
"Wisconsin","Marathon",2022,205,197,8,0,0,0,0,64,46,35,0,0,205,0,0
"Wisconsin","Milwaukee",2022,365,250,109,6,0,0,0,143,67,43,0,6,187,154,18
"Wisconsin","Monroe",2022,364,337,26,1,0,0,0,132,45,24,0,0,0,364,0
"Wisconsin","Outagamie",2022,365,305,59,1,0,0,0,122,56,38,0,0,150,215,0
"Wisconsin","Ozaukee",2022,307,257,45,4,1,0,0,159,64,38,0,0,188,119,0
"Wisconsin","Racine",2022,202,165,34,2,1,0,0,164,67,40,0,0,202,0,0
"Wisconsin","Rock",2022,202,184,18,0,0,0,0,97,50,39,0,0,202,0,0
"Wisconsin","Sauk",2022,360,315,45,0,0,0,0,76,54,36,0,0,165,194,1
"Wisconsin","Sheboygan",2022,203,172,24,6,1,0,0,177,74,40,0,0,203,0,0
"Wisconsin","Taylor",2022,365,338,27,0,0,0,0,75,48,35,0,0,284,81,0
"Wisconsin","Vilas",2022,363,340,23,0,0,0,0,67,45,30,0,0,189,174,0
"Wisconsin","Walworth",2022,200,181,16,3,0,0,0,105,50,39,0,0,200,0,0
"Wisconsin","Waukesha",2022,363,279,80,4,0,0,0,126,58,40,0,0,147,214,2
"Wyoming","Albany",2022,365,226,135,2,2,0,0,159,67,48,0,17,278,1,69
"Wyoming","Big Horn",2022,362,356,6,0,0,0,0,64,46,38,0,0,362,0,0
"Wyoming","Campbell",2022,365,212,144,7,1,0,1,576,73,48,0,0,146,16,203
"Wyoming","Carbon",2022,361,361,0,0,0,0,0,27,18,9,0,361,0,0,0
"Wyoming","Converse",2022,365,314,51,0,0,0,0,90,54,40,0,1,298,0,66
"Wyoming","Fremont",2022,365,285,80,0,0,0,0,100,58,45,0,0,322,38,5
"Wyoming","Johnson",2022,365,350,14,1,0,0,0,101,48,39,0,1,353,0,11
"Wyoming","Laramie",2022,363,304,59,0,0,0,0,90,58,42,1,1,337,20,4
"Wyoming","Lincoln",2022,365,323,41,1,0,0,0,118,51,43,0,8,330,4,23
"Wyoming","Natrona",2022,365,320,45,0,0,0,0,97,54,42,0,0,358,7,0
"Wyoming","Park",2022,344,336,8,0,0,0,0,81,35,15,0,0,0,344,0
"Wyoming","Platte",2022,355,311,29,8,3,0,4,673,54,17,0,0,0,0,355
"Wyoming","Sheridan",2022,365,312,53,0,0,0,0,88,54,42,0,0,272,91,2
"Wyoming","Sublette",2022,365,306,58,1,0,0,0,105,54,44,0,0,360,5,0
"Wyoming","Sweetwater",2022,365,286,77,1,1,0,0,157,61,44,0,1,314,0,50
"Wyoming","Teton",2022,365,344,21,0,0,0,0,100,48,42,0,1,353,11,0
"Wyoming","Uinta",2022,365,363,2,0,0,0,0,55,17,7,0,0,0,0,365
"Wyoming","Weston",2022,363,344,19,0,0,0,0,64,48,40,0,0,363,0,0
